0,950.0,950.0,950.0,950.0,950.0,950.0,950.0,950.0,950.0,950.0,950.0,950.0,950.0,950.0,950.0,950.0,950.0,950.0,950.0,950.0,950.0,950.0,950.0,950.0
0,950.0,950.0,950.0,950.0,950.0,950.0,950.0,950.0,950.0,950.0,950.0,950.0,950.0,950.0,950.0,950.0,950.0,950.0,950.0,950.0,950.0,950.0,950.0,950.0
0,950.0,950.0,950.0,950.0,950.0,950.0,950.0,950.0,950.0,950.0,950.0,950.0,950.0,950.0,950.0,950.0,950.0,950.0,950.0,950.0,950.0,950.0,950.0,950.0
0,950.0,950.0,950.0,950.0,950.0,950.0,950.0,950.0,950.0,950.0,950.0,950.0,950.0,950.0,950.0,950.0,950.0,950.0,950.0,950.0,950.0,950.0,950.0,950.0
0,950.0,950.0,950.0,950.0,950.0,950.0,950.0,950.0,950.0,950.0,950.0,950.0,950.0,950.0,950.0,950.0,950.0,950.0,950.0,950.0,950.0,950.0,950.0,950.0
0,950.0,950.0,950.0,950.0,950.0,950.0,950.0,950.0,950.0,950.0,950.0,950.0,950.0,950.0,950.0,950.0,950.0,950.0,950.0,950.0,950.0,950.0,950.0,950.0
0,971.959798994975,971.9597989949748,971.959798994975,971.9597989949751,971.959798994975,971.9597989949748,971.959798994975,971.9597989949751,971.9597989949751,971.9597989949748,971.9597989949751,971.959798994975,971.9597989949751,971.9597989949748,971.9597989949751,971.959798994975,971.959798994975,971.959798994975,971.959798994975,971.959798994975,971.959798994975,971.959798994975,971.959798994975,971.959798994975
0,993.9195979899498,993.9195979899498,993.9195979899498,993.9195979899499,993.9195979899498,993.9195979899498,993.9195979899498,993.9195979899499,993.9195979899505,993.9195979899498,993.9195979899499,993.9195979899499,993.9195979899503,993.9195979899498,993.9195979899499,993.9195979899499,993.9195979899498,993.9195979899496,993.9195979899498,993.9195979899499,993.9195979899498,993.9195979899496,993.9195979899498,993.9195979899499
0,1015.8793969849246,1015.8793969849246,1015.8793969849246,1015.8793969849247,1015.8793969849246,1015.8793969849246,1015.8793969849246,1015.8793969849247,1015.8793969849253,1015.8793969849244,1015.879396984925,1015.8793969849247,1015.8793969849254,1015.8793969849244,1015.879396984925,1015.8793969849247,1015.8793969849246,1015.8793969849244,1015.8793969849247,1015.8793969849247,1015.8793969849246,1015.8793969849246,1015.8793969849247,1015.8793969849247
0,1037.8391959798994,1037.8391959798994,1037.8391959798994,1037.8391959798996,1037.8391959798994,1037.8391959798994,1037.8391959798994,1037.8391959798996,1037.8391959799003,1037.8391959798994,1037.8391959799,1037.8391959798998,1037.8391959799005,1037.8391959798992,1037.8391959799,1037.8391959798998,1037.8391959798994,1037.8391959798994,1037.8391959798998,1037.8391959798998,1037.8391959798994,1037.8391959798994,1037.8391959798998,1037.8391959798998
0,1059.25,1059.25,1059.2499999999995,1059.2500000000002,1059.25,1059.25,1059.2499999999995,1059.2500000000002,1059.250000000001,1059.2499999999995,1059.2500000000007,1059.2500000000007,1059.2500000000007,1059.2499999999995,1059.2500000000007,1059.2500000000002,1059.25,1059.25,1059.2500000000007,1059.2500000000007,1059.25,1059.25,1059.2500000000007,1059.2500000000007
0,1059.25,1059.25,1059.2499999999995,1059.2500000000002,1059.25,1059.25,1059.2499999999995,1059.2500000000002,1059.250000000001,1059.2499999999995,1059.2500000000007,1059.2500000000007,1059.2500000000007,1059.2499999999995,1059.2500000000007,1059.2500000000002,1059.25,1059.25,1059.2500000000007,1059.2500000000007,1059.25,1059.25,1059.2500000000007,1059.2500000000007
0,1059.25,1059.25,1059.2499999999995,1059.2500000000002,1059.25,1059.25,1059.2499999999995,1059.2500000000002,1059.250000000001,1059.2499999999995,1059.2500000000007,1059.2500000000007,1059.2500000000007,1059.2499999999995,1059.2500000000007,1059.2500000000002,1059.25,1059.25,1059.2500000000007,1059.2500000000007,1059.25,1059.25,1059.2500000000007,1059.2500000000007
0,1059.25,1059.25,1059.2499999999995,1059.2500000000002,1059.25,1059.25,1059.2499999999995,1059.2500000000002,1059.250000000001,1059.2499999999995,1059.2500000000007,1059.2500000000007,1059.2500000000007,1059.2499999999995,1059.2500000000007,1059.2500000000002,1059.25,1059.25,1059.2500000000007,1059.2500000000007,1059.25,1059.25,1059.2500000000007,1059.2500000000007
0,1059.25,1059.25,1059.2499999999995,1059.2500000000002,1059.25,1059.25,1059.2499999999995,1059.2500000000002,1059.250000000001,1059.2499999999995,1059.2500000000007,1059.2500000000007,1059.2500000000007,1059.2499999999995,1059.2500000000007,1059.2500000000002,1059.25,1059.25,1059.2500000000007,1059.2500000000007,1059.25,1059.25,1059.2500000000007,1059.2500000000007
0,1059.25,1059.25,1059.2499999999995,1059.2500000000002,1059.25,1059.25,1059.2499999999995,1059.2500000000002,1059.250000000001,1059.2499999999995,1059.2500000000007,1059.2500000000007,1059.2500000000007,1059.2499999999995,1059.2500000000007,1059.2500000000002,1059.25,1059.25,1059.2500000000007,1059.2500000000007,1059.25,1059.25,1059.2500000000007,1059.2500000000007
0,1059.25,1059.25,1059.2499999999995,1059.2500000000002,1059.25,1059.25,1059.2499999999995,1059.2500000000002,1059.250000000001,1059.2499999999995,1059.2500000000007,1059.2500000000007,1059.2500000000007,1059.2499999999995,1059.2500000000007,1059.2500000000002,1059.25,1059.25,1059.2500000000007,1059.2500000000007,1059.25,1059.25,1059.2500000000007,1059.2500000000007
0,1059.25,1059.25,1059.2499999999995,1059.2500000000002,1059.25,1059.25,1059.2499999999995,1059.2500000000002,1059.250000000001,1059.2499999999995,1059.2500000000007,1059.2500000000007,1059.2500000000007,1059.2499999999995,1059.2500000000007,1059.2500000000002,1059.25,1059.25,1059.2500000000007,1059.2500000000007,1059.25,1059.25,1059.2500000000007,1059.2500000000007
0,1059.25,1059.25,1059.2499999999995,1059.2500000000002,1059.25,1059.25,1059.2499999999995,1059.2500000000002,1059.250000000001,1059.2499999999995,1059.2500000000007,1059.2500000000007,1059.2500000000007,1059.2499999999995,1059.2500000000007,1059.2500000000002,1059.25,1059.25,1059.2500000000007,1059.2500000000007,1059.25,1059.25,1059.2500000000007,1059.2500000000007
0,1059.25,1059.25,1059.2499999999995,1059.2500000000002,1059.25,1059.25,1059.2499999999995,1059.2500000000002,1059.250000000001,1059.2499999999995,1059.2500000000007,1059.2500000000007,1059.2500000000007,1059.2499999999995,1059.2500000000007,1059.2500000000002,1059.25,1059.25,1059.2500000000007,1059.2500000000007,1059.25,1059.25,1059.2500000000007,1059.2500000000007
0,1059.25,1059.25,1059.2499999999995,1059.2500000000002,1059.25,1059.25,1059.2499999999995,1059.2500000000002,1059.250000000001,1059.2499999999995,1059.2500000000007,1059.2500000000007,1059.2500000000007,1059.2499999999995,1059.2500000000007,1059.2500000000002,1059.25,1059.25,1059.2500000000007,1059.2500000000007,1059.25,1059.25,1059.2500000000007,1059.2500000000007
0,1059.25,1059.25,1059.2499999999995,1059.2500000000002,1059.25,1059.25,1059.2499999999995,1059.2500000000002,1059.250000000001,1059.2499999999995,1059.2500000000007,1059.2500000000007,1059.2500000000007,1059.2499999999995,1059.2500000000007,1059.2500000000002,1059.25,1059.25,1059.2500000000007,1059.2500000000007,1059.25,1059.25,1059.2500000000007,1059.2500000000007
0,1059.25,1059.25,1059.2499999999995,1059.2500000000002,1059.25,1059.25,1059.2499999999995,1059.2500000000002,1059.250000000001,1059.2499999999995,1059.2500000000007,1059.2500000000007,1059.2500000000007,1059.2499999999995,1059.2500000000007,1059.2500000000002,1059.25,1059.25,1059.2500000000007,1059.2500000000007,1059.25,1059.25,1059.2500000000007,1059.2500000000007
0,1059.25,1059.25,1059.2499999999995,1059.2500000000002,1059.25,1059.25,1059.2499999999995,1059.2500000000002,1059.250000000001,1059.2499999999995,1059.2500000000007,1059.2500000000007,1059.2500000000007,1059.2499999999995,1059.2500000000007,1059.2500000000002,1059.25,1059.25,1059.2500000000007,1059.2500000000007,1059.25,1059.25,1059.2500000000007,1059.2500000000007
0,1059.25,1059.25,1059.2499999999995,1059.2500000000002,1059.25,1059.25,1059.2499999999995,1059.2500000000002,1059.250000000001,1059.2499999999995,1059.2500000000007,1059.2500000000007,1059.2500000000007,1059.2499999999995,1059.2500000000007,1059.2500000000002,1059.25,1059.25,1059.2500000000007,1059.2500000000007,1059.25,1059.25,1059.2500000000007,1059.2500000000007
0,1059.25,1059.25,1059.2499999999995,1059.2500000000002,1059.25,1059.25,1059.2499999999995,1059.2500000000002,1059.250000000001,1059.2499999999995,1059.2500000000007,1059.2500000000007,1059.2500000000007,1059.2499999999995,1059.2500000000007,1059.2500000000002,1059.25,1059.25,1059.2500000000007,1059.2500000000007,1059.25,1059.25,1059.2500000000007,1059.2500000000007
0,1059.25,1059.25,1059.2499999999995,1059.2500000000002,1059.25,1059.25,1059.2499999999995,1059.2500000000002,1059.250000000001,1059.2499999999995,1059.2500000000007,1059.2500000000007,1059.2500000000007,1059.2499999999995,1059.2500000000007,1059.2500000000002,1059.25,1059.25,1059.2500000000007,1059.2500000000007,1059.25,1059.25,1059.2500000000007,1059.2500000000007
0,1059.25,1059.25,1059.2499999999995,1059.2500000000002,1059.25,1059.25,1059.2499999999995,1059.2500000000002,1059.250000000001,1059.2499999999995,1059.2500000000007,1059.2500000000007,1059.2500000000007,1059.2499999999995,1059.2500000000007,1059.2500000000002,1059.25,1059.25,1059.2500000000007,1059.2500000000007,1059.25,1059.25,1059.2500000000007,1059.2500000000007
0,1059.25,1059.25,1059.2499999999995,1059.2500000000002,1059.25,1059.25,1059.2499999999995,1059.2500000000002,1059.250000000001,1059.2499999999995,1059.2500000000007,1059.2500000000007,1059.2500000000007,1059.2499999999995,1059.2500000000007,1059.2500000000002,1059.25,1059.25,1059.2500000000007,1059.2500000000007,1059.25,1059.25,1059.2500000000007,1059.2500000000007
0,1059.25,1059.25,1059.2499999999995,1059.2500000000002,1059.25,1059.25,1059.2499999999995,1059.2500000000002,1059.250000000001,1059.2499999999995,1059.2500000000007,1059.2500000000007,1059.2500000000007,1059.2499999999995,1059.2500000000007,1059.2500000000002,1059.25,1059.25,1059.2500000000007,1059.2500000000007,1059.25,1059.25,1059.2500000000007,1059.2500000000007
0,1059.25,1059.25,1059.2499999999995,1059.2500000000002,1059.25,1059.25,1059.2499999999995,1059.2500000000002,1059.250000000001,1059.2499999999995,1059.2500000000007,1059.2500000000007,1059.2500000000007,1059.2499999999995,1059.2500000000007,1059.2500000000002,1059.25,1059.25,1059.2500000000007,1059.2500000000007,1059.25,1059.25,1059.2500000000007,1059.2500000000007
0,1059.25,1059.25,1059.2499999999995,1059.2500000000002,1059.25,1059.25,1059.2499999999995,1059.2500000000002,1059.250000000001,1059.2499999999995,1059.2500000000007,1059.2500000000007,1059.2500000000007,1059.2499999999995,1059.2500000000007,1059.2500000000002,1059.25,1059.25,1059.2500000000007,1059.2500000000007,1059.25,1059.25,1059.2500000000007,1059.2500000000007
0,1059.25,1059.25,1059.2499999999995,1059.2500000000002,1059.25,1059.25,1059.2499999999995,1059.2500000000002,1059.250000000001,1059.2499999999995,1059.2500000000007,1059.2500000000007,1059.2500000000007,1059.2499999999995,1059.2500000000007,1059.2500000000002,1059.25,1059.25,1059.2500000000007,1059.2500000000007,1059.25,1059.25,1059.2500000000007,1059.2500000000007
0,1059.25,1059.25,1059.2499999999995,1059.2500000000002,1059.25,1059.25,1059.2499999999995,1059.2500000000002,1059.250000000001,1059.2499999999995,1059.2500000000007,1059.2500000000007,1059.2500000000007,1059.2499999999995,1059.2500000000007,1059.2500000000002,1059.25,1059.25,1059.2500000000007,1059.2500000000007,1059.25,1059.25,1059.2500000000007,1059.2500000000007
0,1059.25,1059.25,1059.2499999999995,1059.2500000000002,1059.25,1059.25,1059.2499999999995,1059.2500000000002,1059.250000000001,1059.2499999999995,1059.2500000000007,1059.2500000000007,1059.2500000000007,1059.2499999999995,1059.2500000000007,1059.2500000000002,1059.25,1059.25,1059.2500000000007,1059.2500000000007,1059.25,1059.25,1059.2500000000007,1059.2500000000007
0,1059.25,1059.25,1059.2499999999995,1059.2500000000002,1059.25,1059.25,1059.2499999999995,1059.2500000000002,1059.250000000001,1059.2499999999995,1059.2500000000007,1059.2500000000007,1059.2500000000007,1059.2499999999995,1059.2500000000007,1059.2500000000002,1059.25,1059.25,1059.2500000000007,1059.2500000000007,1059.25,1059.25,1059.2500000000007,1059.2500000000007
0,1059.25,1059.2500000000002,1059.2499999999986,1059.2499999999993,1059.2499999999995,1059.2500000000002,1059.2499999999986,1059.2499999999993,1059.2499999999882,1059.2500000000114,1059.2499999999989,1059.2499999999995,1059.2500000000034,1059.2499999999973,1059.2500000000007,1059.25,1059.2500000000136,1059.250000000002,1059.2499999999882,1059.250000000002,1059.2500000000132,1059.25,1059.2499999999877,1059.2500000000014
0,1059.2500000026964,1059.2499999970064,1059.2500000037116,1059.2500000054413,1059.2500000008665,1059.2499999965744,1059.2500000032796,1059.2500000050095,1059.2500000050495,1059.2499999966342,1059.2500000036403,1059.250000000767,1059.249999995448,1059.2500000038838,1059.2500000000566,1059.2499999981933,1059.2499999941647,1059.2499999955683,1059.2500000025686,1059.2499999958789,1059.2499999949086,1059.2499999987199,1059.2500000033124,1059.2499999966228
0,1059.2499999987206,1059.2500000017221,1059.2499999977397,1059.249999996926,1059.2499999994857,1059.250000001903,1059.2499999979202,1059.2499999971067,1059.2499999970794,1059.250000001903,1059.2499999978252,1059.2499999995102,1059.2500000020382,1059.2499999969903,1059.249999997339,1059.2500000001176,1059.2500000036068,1059.2500000026705,1059.2499999984025,1059.2500000025889,1059.2500000037642,1059.2500000033376,1059.2499999985598,1059.2500000027464
0,1059.2500000046577,1059.2499999978588,1059.250000003104,1059.2500000051064,1059.2500000006787,1059.2499999969195,1059.2500000021644,1059.2500000041668,1059.2500000042053,1059.2499999970598,1059.2500000028147,1059.2500000004968,1059.2499999962367,1059.2500000028822,1059.2500000013088,1059.249999996384,1059.2499999958595,1059.2499999966426,1059.2500000017899,1059.2499999972033,1059.2499999959932,1059.2499999972088,1059.2500000019236,1059.249999997337
0,1059.2499999991685,1059.2500000007108,1059.249999998425,1059.2499999983702,1059.2499999995962,1059.2500000008117,1059.249999998526,1059.2499999984711,1059.2499999983459,1059.250000000871,1059.2499999982958,1059.2499999996537,1059.2500000012428,1059.249999997871,1059.249999997751,1059.249999999929,1059.250000003085,1059.2500000020634,1059.2499999984161,1059.2500000018658,1059.2500000032371,1059.2500000027087,1059.2499999985685,1059.2500000020182
0,1059.250000002562,1059.2499999985123,1059.2500000013363,1059.2500000029768,1059.2500000002374,1059.2499999979636,1059.2500000007872,1059.2500000024281,1059.2500000022935,1059.249999998142,1059.2500000009638,1059.2500000001762,1059.24999999803,1059.2500000010245,1059.2499999998142,1059.24999999771,1059.2499999990555,1059.2499999988408,1059.250000000118,1059.2499999989952,1059.2499999991976,1059.2499999994413,1059.2500000002597,1059.2499999991371
0,1059.2500000049454,1059.2499999969782,1059.2500000033567,1059.250000006193,1059.2500000006794,1059.2499999959714,1059.25000000235,1059.250000005186,1059.2500000050327,1059.2499999962424,1059.2500000028017,1059.2500000005368,1059.2499999958031,1059.2500000031903,1059.2500000012278,1059.2499999961371,1059.2499999963077,1059.24999999662,1059.2500000012606,1059.249999997013,1059.2499999964416,1059.2499999971867,1059.2500000013943,1059.2499999971467
0,1059.2500000012346,1059.2499999990162,1059.2500000001012,1059.2500000014943,1059.249999999929,1059.249999998708,1059.249999999793,1059.2500000011858,1059.2500000009204,1059.2499999989282,1059.2499999996608,1059.249999999942,1059.2499999992906,1059.249999999654,1059.249999998743,1059.2499999984927,1059.2500000013356,1059.250000000393,1059.2499999989225,1059.250000000283,1059.2500000014795,1059.250000001002,1059.2499999990664,1059.250000000427
0,1059.2500000165076,1059.2499999900742,1059.2500000132447,1059.2500000212904,1059.2500000028945,1059.2499999868605,1059.250000010031,1059.250000018077,1059.2500000180216,1059.2499999874606,1059.2500000120367,1059.2500000023151,1059.2499999850363,1059.2500000138273,1059.2500000084178,1059.2499999886065,1059.2499999820675,1059.2499999854952,1059.2500000075138,1059.2499999872282,1059.2499999821632,1059.2499999859006,1059.2500000076093,1059.249999987324
0,1059.249999680332,1059.2500001841795,1059.2499997219763,1059.2499995875228,1059.2499999368547,1059.2500002447364,1059.249999782533,1059.2499996480797,1059.2499996421327,1059.2500002378208,1059.2499997361842,1059.2499999495296,1059.2500002995253,1059.2499996993445,1059.2499997920868,1059.250000204954,1059.2500004145852,1059.250000317408,1059.2499998126461,1059.2500002774905,1059.2500004156839,1059.2500003220625,1059.2499998137448,1059.2500002785891
0,1059.2500001462947,1059.2499999099055,1059.2500001202304,1059.2500001918984,1059.2500000265723,1059.249999881643,1059.250000091968,1059.2500001636358,1059.2500001629985,1059.2499998870014,1059.2500001098342,1059.2500000210669,1059.2499998664662,1059.2500001277344,1059.250000083109,1059.2499999017075,1059.2499998359954,1059.249999867527,1059.250000068727,1059.2499998830326,1059.2499998356323,1059.2499998659898,1059.2500000683642,1059.2499998826697
0,1059.249999975913,1059.2499999996035,1059.249999963821,1059.2499999773772,1059.2499999898048,1059.250000002883,1059.2499999671006,1059.2499999806564,1059.249999971812,1059.2500000081855,1059.2499999556692,1059.2499999919637,1059.2500000303592,1059.249999956166,1059.2499999588815,1059.2500000058399,1059.2500000896111,1059.2500000525615,1059.2499999468523,1059.2500000429013,1059.2500000896273,1059.2500000526286,1059.2499999468682,1059.250000042917
0,1059.2500000496652,1059.249999950116,1059.2500000204693,1059.2500000766731,1059.2500000017537,1059.2499999388056,1059.2500000091588,1059.2500000653629,1059.2500000543114,1059.24999994826,1059.2500000051157,1059.2500000016162,1059.249999964053,1059.2500000165783,1059.249999995247,1059.2499999540448,1059.250000020823,1059.2499999928007,1059.2499999724378,1059.2499999895558,1059.2500000204827,1059.249999991359,1059.2499999720974,1059.2499999892154
0,1059.2500000880834,1059.2499999239358,1059.2500000496648,1059.2500001286796,1059.2500000078014,1059.249999904984,1059.2500000307125,1059.2500001097274,1059.2500000968669,1059.249999916996,1059.2500000298076,1059.2500000064858,1059.2499999304937,1059.2500000464802,1059.2500000130053,1059.249999926711,1059.2499999878758,1059.2499999628374,1059.2499999835507,1059.2499999623562,1059.2499999873683,1059.249999960687,1059.2499999830432,1059.2499999618487
0,1059.2500005663576,1059.2499996449608,1059.2500004612193,1059.2500007475385,1059.2500001007184,1059.2499995350383,1059.2500003512969,1059.250000637616,1059.250000631239,1059.2499995590026,1059.2500004173282,1059.2500000807297,1059.2499994850568,1059.2500004892527,1059.2500003156945,1059.2499996170473,1059.249999384619,1059.249999496345,1059.2500002524857,1059.249999553583,1059.249999382662,1059.2499994880561,1059.250000250529,1059.2499995516262
0,1059.2500011407076,1059.2499993038382,1059.2500009493451,1059.2500014944908,1059.2500002098923,1059.2499990841025,1059.2500007296092,1059.2500012747553,1059.2500012727362,1059.2499991251166,1059.2500008731279,1059.2500001684632,1059.2499989524065,1059.2500010136075,1059.250000669559,1059.2499992414644,1059.2499986827982,1059.2499989474436,1059.2500005604925,1059.2499990714648,1059.2499986789817,1059.2499989312767,1059.250000556676,1059.2499990676483
0,1059.2500023606374,1059.249998586008,1059.2500019930396,1059.250003076949,1059.2500004443232,1059.2499981336275,1059.2500015406592,1059.2500026245689,1059.2500026356217,1059.2499982080892,1059.2500018522337,1059.2500003566304,1059.24999781803,1059.2500021362155,1059.250001432249,1059.249998447964,1059.249997166077,1059.249997768669,1059.2500012320163,1059.2499980374855,1059.2499971584293,1059.249997736273,1059.2500012243688,1059.2499980298378
0,1059.2500025257896,1059.2499984636956,1059.250002109371,1059.2500033067781,1059.2500004660849,1059.2499979774652,1059.2500016231404,1059.250002820548,1059.2500028179895,1059.2499980681275,1059.2500019439035,1059.2500003759799,1059.2499976763274,1059.2500022544998,1059.2500014940417,1059.2499983248608,1059.2499970583838,1059.2499976570903,1059.2500012574872,1059.2499979338015,1059.2499970497981,1059.2499976207218,1059.2500012489015,1059.2499979252161
0,1059.250005568541,1059.2499967073861,1059.2500047474052,1059.250007232955,1059.2500010638091,1059.249995643963,1059.2500036839822,1059.2500061695323,1059.2500062180081,1059.2499958041547,1059.2500044400704,1059.2500008540198,1059.2499948338166,1059.250005096457,1059.2500034506868,1059.2499963667663,1059.249993147634,1059.2499946531823,1059.250003016709,1059.2499953049366,1059.2499931301556,1059.249994579143,1059.2500029992307,1059.2499952874584
0,1059.2500023125872,1059.2499985286875,1059.250001867618,1059.2500030680092,1059.2500004006802,1059.2499980773473,1059.2500014162779,1059.2500026166692,1059.2500025728082,1059.2499981917983,1059.2500016731335,1059.2500003286311,1059.2499979055187,1059.250001974117,1059.2500012593032,1059.2499984255787,1059.2499975624173,1059.249997979859,1059.250000978961,1059.2499982014194,1059.2499975535627,1059.2499979423492,1059.250000970106,1059.2499981925648
0,1059.2500022058052,1059.2499985075729,1059.2500016890488,1059.2500029801295,1059.250000348884,1059.249998069213,1059.2500012506894,1059.2500025417698,1059.2500024519147,1059.2499982131164,1059.2500014519512,1059.2500002891231,1059.249998039937,1059.2500017685065,1059.2500010562303,1059.2499984422673,1059.2499980157675,1059.2499982425577,1059.250000708219,1059.2499984167957,1059.2499980057019,1059.249998199919,1059.2500006981536,1059.24999840673
0,1059.250002158134,1059.2499985029572,1059.2500015945016,1059.2500029304226,1059.2500003230273,1059.2499980697469,1059.2500011612917,1059.2500024972123,1059.2500023971606,1059.2499982129393,1059.2500013317594,1059.2500002655026,1059.2499980997425,1059.2500016662607,1059.2500009458304,1059.249998441557,1059.2499982607246,1059.2499983847613,1059.2500005622169,1059.2499985336588,1059.2499982495629,1059.24999833748,1059.250000551055,1059.2499985224972
0,1059.2500021152316,1059.2499984902056,1059.2500015328776,1059.2500029032483,1059.2500003015582,1059.2499980620555,1059.2500011047275,1059.2500024750982,1059.2500023498524,1059.2499982290055,1059.2500012590217,1059.2500002564475,1059.2499981357023,1059.2500016095967,1059.2500008790391,1059.2499984541446,1059.24999841471,1059.2499984724022,1059.2500004692793,1059.2499986058442,1059.2499984033393,1059.2499984242345,1059.2500004579083,1059.2499985944733
0,1059.2500021017543,1059.2499984925419,1059.2500014956438,1059.2500028815423,1059.2500002928875,1059.2499980655266,1059.2500010686285,1059.2500024545266,1059.2500023328398,1059.2499982221614,1059.2500012083722,1059.2500002446395,1059.2499981528706,1059.2500015718838,1059.2500008317325,1059.249998447665,1059.2499985186355,1059.2499985316015,1059.2500004063108,1059.2499986538712,1059.2499985067434,1059.2499984812262,1059.2500003944187,1059.2499986419796
0,1059.2500020773177,1059.2499984740837,1059.2500014688965,1059.2500028804498,1059.2500002815466,1059.2499980501598,1059.2500010449724,1059.2500024565256,1059.2500023082287,1059.2499982352635,1059.2500011793381,1059.2500002435422,1059.2499981635488,1059.250001555033,1059.2500008039974,1059.24999845924,1059.249998587461,1059.2499985673194,1059.250000362362,1059.249998683282,1059.249998575992,1059.2499985187364,1059.2500003508933,1059.249998671813
0,1059.250002085714,1059.2499985022191,1059.2500014603509,1059.2500028522575,1059.250000277053,1059.2499980752523,1059.2500010333838,1059.2500024252902,1059.250002312157,1059.2499982234172,1059.2500011611455,1059.2500002410056,1059.2499981598705,1059.2500015459734,1059.2500007854426,1059.2499984444457,1059.249998628603,1059.2499985885836,1059.2500003352811,1059.2499986988296,1059.2499986165012,1059.2499985373197,1059.2500003231792,1059.2499986867276
0,1059.250002026441,1059.2499984690874,1059.250001451071,1059.2500028592042,1059.2500002779834,1059.2499980563325,1059.2500010383162,1059.2500024464496,1059.2500022557692,1059.2499982773802,1059.2500011558197,1059.250000239982,1059.249998223652,1059.2500015090575,1059.2500007961642,1059.2499985040595,1059.2499986410576,1059.2499985927896,1059.2500003230123,1059.2499986951098,1059.2499986285227,1059.2499985396903,1059.250000310477,1059.2499986825746
0,1059.2500020536445,1059.2499985437978,1059.2500013927336,1059.2500027726019,1059.2500002363852,1059.2499981148007,1059.250000963737,1059.2500023436053,1059.2500022889942,1059.2499982661259,1059.2500011829452,1059.2500002703778,1059.249998195634,1059.250001515025,1059.250000782609,1059.2499984598842,1059.2499986202326,1059.249998587852,1059.2500003662417,1059.2499987587034,1059.249998613467,1059.2499985591915,1059.2500003594762,1059.2499987519375
0,1059.2500019622132,1059.2499985494621,1059.2500014262444,1059.2500027448134,1059.2500002939705,1059.2499981556437,1059.2500010324256,1059.250002350995,1059.250002150582,1059.2499983520202,1059.2500011051795,1059.2500002106494,1059.2499983092207,1059.25000146944,1059.2500008462705,1059.249998574255,1059.249998638606,1059.2499986415019,1059.2500003521538,1059.2499987162737,1059.249998606758,1059.249998506592,1059.2500003203063,1059.249998684426
0,1059.2500016934862,1059.2499990390845,1059.2500015532642,1059.2500022010638,1059.2500003993348,1059.2499987335768,1059.2500012477565,1059.2500018955561,1059.2500018330659,1059.2499987484919,1059.250001316527,1059.2500002060108,1059.2499984821964,1059.250001559892,1059.2500011625561,1059.249998947632,1059.249997889318,1059.2499983689067,1059.250000899992,1059.249998461465,1059.2499978535448,1059.24999821737,1059.250000864219,1059.249998425692
0,1059.2499979665786,1059.2500027085887,1059.2500037253762,1059.2499979376807,1059.2500051699783,1059.2500044090807,1059.2500054258683,1059.2499996381728,1059.2499976058705,1059.2500028695536,1059.2500041533153,1059.2499970913602,1059.2500002745596,1059.2500034783377,1059.2500055922071,1059.2500042330046,1059.2499924402512,1059.2499938230585,1059.2500030370722,1059.24999433642,1059.2499925020065,1059.2499940846585,1059.2500030988274,1059.2499943981757
0,1059.2500008755262,1059.249999748901,1059.2500018999654,1059.2500013112426,1059.2500014987695,1059.2499998960286,1059.2500020470932,1059.2500014583704,1059.2500009690857,1059.249999501862,1059.250001819053,1059.2499994139039,1059.249998823381,1059.25000195318,1059.2500019902368,1059.250000042826,1059.2499971570676,1059.2499975037479,1059.250001017586,1059.2499977174334,1059.249997151389,1059.249997479692,1059.2500010119072,1059.2499977117548
0,1059.2500008229551,1059.249999863213,1059.2500017850089,1059.250001132941,1059.2500014765876,1059.2500000175144,1059.2500019393103,1059.2500012872426,1059.2500009521937,1059.2499994660293,1059.250001710019,1059.2499993849024,1059.2499988336228,1059.250001921925,1059.2500019251543,1059.2500000528955,1059.249997368341,1059.2499976376027,1059.2500009086798,1059.2499978515787,1059.2499973539802,1059.2499975767691,1059.2500008943189,1059.2499978372177
0,1059.2500007878532,1059.24999994627,1059.2500017317232,1059.250001016123,1059.2500014779523,1059.2500001091803,1059.2500018946337,1059.2500011790332,1059.2500009223647,1059.2499994694306,1059.2500016636811,1059.2499993620522,1059.249998840101,1059.2500019152942,1059.250001906609,1059.2500000710409,1059.249997457476,1059.2499976922122,1059.250000862516,1059.249997909469,1059.2499974385864,1059.2499976121949,1059.2500008436261,1059.2499978905792
0,1059.2500007547756,1059.2500000149125,1059.2500016990339,1059.2500009223593,1059.2500014808707,1059.2500001863204,1059.2500018704418,1059.2500010937672,1059.2500009010294,1059.249999473381,1059.2500016338402,1059.2499993463784,1059.249998848413,1059.2500019144836,1059.2500019019797,1059.2500000953085,1059.249997508787,1059.2499977261164,1059.2500008367158,1059.2499979423533,1059.2499974859518,1059.2499976293848,1059.250000813881,1059.2499979195184
0,1059.2500007285066,1059.250000070254,1059.2500016776985,1059.250000848835,1059.2500014869993,1059.2500002493096,1059.2500018567541,1059.250001027891,1059.250000881438,1059.2499994801035,1059.2500016141562,1059.2499993323718,1059.2499988546724,1059.2500019167464,1059.250001902853,1059.250000116747,1059.249997543125,1059.2499977472442,1059.2500008181341,1059.2499979624754,1059.2499975172418,1059.2499976376032,1059.2500007922515,1059.2499979365928
0,1059.2500007097312,1059.2500001169249,1059.2500016658507,1059.250000790467,1059.2500014925122,1059.2500003017144,1059.25000185064,1059.2500009752564,1059.2500008665852,1059.2499994855186,1059.2500015997941,1059.249999322025,1059.249998869443,1059.250001902048,1059.25000189008,1059.25000012971,1059.2499975678284,1059.249997761721,1059.250000803098,1059.2499979733084,1059.2499975429241,1059.2499976562244,1059.2500007781935,1059.2499979484037
0,1059.2500006929295,1059.2500001552453,1059.250001656105,1059.2500007420065,1059.2500014970988,1059.250000345084,1059.2500018459436,1059.2500009318449,1059.2500008562808,1059.249999489175,1059.2500015903213,1059.2499993140932,1059.2499988682066,1059.2500019133017,1059.2500018995652,1059.2500001464507,1059.249997586544,1059.2499977712146,1059.2500007910721,1059.2499979813285,1059.249997558356,1059.2499976518095,1059.2500007628846,1059.249997953141
0,1059.2500006669347,1059.250000185038,1059.2500016514803,1059.250000700518,1059.250001499577,1059.250000381598,1059.2500018480403,1059.250000897078,1059.2500008504699,1059.2499994909165,1059.250001583306,1059.2499993104543,1059.2499989080836,1059.2500018664996,1059.2500018647497,1059.2500001631347,1059.24999759888,1059.2499977773562,1059.2500007810584,1059.249997981267,1059.2499975788417,1059.2499976924726,1059.2500007610201,1059.2499979612287
0,1059.2500006594166,1059.2500002059521,1059.250001617856,1059.2500006638886,1059.2500014960674,1059.250000403459,1059.2500018153623,1059.250000861395,1059.2500008483498,1059.2499994896268,1059.2500015794858,1059.2499993053477,1059.249998904453,1059.2500018791004,1059.2500018840879,1059.2500001672806,1059.2499976151362,1059.2499977880875,1059.250000782034,1059.24999801565,1059.2499975898545,1059.2499976809918,1059.2500007567523,1059.2499979903678
0,1059.2500006481303,1059.2500002257138,1059.250001620585,1059.2500006408588,1059.250001531826,1059.2500004343258,1059.2500018291971,1059.250000849471,1059.2500008009224,1059.2499995311973,1059.2500015933686,1059.2499992761325,1059.2499989308596,1059.2500018462792,1059.2500018608507,1059.2500001737253,1059.2499976263061,1059.2499977647337,1059.2500007577778,1059.2499980047432,1059.2499976124086,1059.2499977058633,1059.2500007438807,1059.249997990846
0,1059.2500006425892,1059.2500002358775,1059.2500015952164,1059.2500006188884,1059.250001512631,1059.2500004412666,1059.2500018006053,1059.2500008242775,1059.2500007869392,1059.2499995134826,1059.2500015161622,1059.2499992703517,1059.249998920312,1059.2500018681242,1059.2500018851404,1059.2500001790122,1059.2499976483361,1059.2499978510662,1059.2500007856986,1059.249998049184,1059.2499976097183,1059.2499976874772,1059.2500007470805,1059.2499980105658
0,1059.2500006373089,1059.2500002456984,1059.2500016069318,1059.2500006115256,1059.2500015295996,1059.2500004563396,1059.250001817573,1059.2500008221666,1059.2500007653607,1059.2499995373698,1059.2500015315386,1059.2499992610187,1059.249998949444,1059.2500018237731,1059.2500018463966,1059.2500001779115,1059.24999770322,1059.249997829208,1059.2500007155438,1059.2499980310622,1059.249997678618,1059.2499977249918,1059.2500006909415,1059.24999800646
0,1059.2500005697027,1059.2500002223883,1059.2500015337232,1059.250000581049,1059.2500015088547,1059.2500004440922,1059.2500017554269,1059.2500008027528,1059.2500007696638,1059.2499995167377,1059.2500014920402,1059.2499992577684,1059.2499989390958,1059.250001871705,1059.250001885287,1059.2500002374165,1059.2499977123096,1059.2499978845376,1059.2500007544447,1059.2499981013727,1059.2499976718138,1059.2499977129944,1059.2500007139488,1059.2499980608768
0,1059.2500005888628,1059.250000326279,1059.25000157977,1059.2500005020654,1059.2500015577539,1059.2500005550032,1059.2500018084943,1059.2500007307895,1059.2500006891917,1059.2499995929645,1059.250001512473,1059.2499992262203,1059.2499989751057,1059.2500018070766,1059.250001831379,1059.2500002164004,1059.2499977369623,1059.249997844631,1059.25000069509,1059.249998050428,1059.249997715673,1059.2499977544492,1059.2500006738012,1059.249998029139
0,1059.250000502526,1059.250000291695,1059.250001505128,1059.2500004751607,1059.250001519314,1059.250000531726,1059.250001745159,1059.250000715192,1059.2500007212952,1059.2499995422813,1059.250001454119,1059.249999235933,1059.249998950242,1059.2500018855408,1059.2500018893143,1059.250000298793,1059.24999773114,1059.2499979224224,1059.2500007583662,1059.249998123053,1059.249997685068,1059.2499977272585,1059.2500007122944,1059.249998076981
0,1059.250000534798,1059.2500003664397,1059.2500015409569,1059.2500004264282,1059.2500016036945,1059.250000618772,1059.2500017932891,1059.2500006787604,1059.2500006387993,1059.249999601329,1059.2500014635273,1059.2499991651355,1059.2499989906773,1059.2500018092483,1059.2500018326334,1059.2500002615989,1059.2499978123742,1059.2499978877067,1059.250000649966,1059.2499980866473,1059.2499977848076,1059.2499977709329,1059.2500006223995,1059.2499980590806
0,1059.2500027321669,1059.2500043786267,1059.2500040125688,1059.2499981976332,1059.2500045890374,1059.2500048169743,1059.2500044509163,1059.249998635981,1059.2499977797038,1059.2500024368092,1059.2500033211415,1059.249997245697,1059.2500008019888,1059.2499979947602,1059.2499988955096,1059.2499979543375,1059.2499997040422,1059.2499949523815,1059.24999662649,1059.2499954408274,1059.250000852272,1059.2499998163607,1059.24999777472,1059.2499965890572
0,1059.24999952069,1059.249999390136,1059.250000455921,1059.2500006009302,1059.2500004975855,1059.2499996207498,1059.2500006865346,1059.250000831544,1059.2500016616737,1059.2499984893243,1059.2500005912568,1059.24999980406,1059.2499982219563,1059.2500034197499,1059.2500030023461,1059.2500012956964,1059.2499972906487,1059.2499991825969,1059.2500021060607,1059.249999237967,1059.2499967759084,1059.2499970021213,1059.2500015913201,1059.2499987232263
0,1059.2500005703437,1059.250001123483,1059.2500016606584,1059.2499997286843,1059.2500019557513,1059.2500014505333,1059.2500019877089,1059.2500000557347,1059.250000331142,1059.2499997168854,1059.250001304341,1059.2499988213965,1059.2499988398622,1059.2500019279953,1059.2500017706082,1059.2500002396687,1059.2499979899264,1059.2499979425259,1059.250000455779,1059.249997988278,1059.2499979570619,1059.2499978033086,1059.2500004229141,1059.2499979554134
0,1059.2500005443158,1059.2500012810826,1059.2500016618408,1059.2499995615947,1059.2500020071882,1059.2500016264198,1059.2500020071782,1059.249999906932,1059.2500003089324,1059.2499996589365,1059.2500011724571,1059.2499987434219,1059.249998674796,1059.2500021466979,1059.2500018629291,1059.2500002877698,1059.2499979214895,1059.2499980608677,1059.2500005772906,1059.2499980088878,1059.2499978400142,1059.249997715733,1059.2500004958156,1059.2499979274128
0,1059.250000552074,1059.2500013964861,1059.250001665886,1059.2499994506995,1059.2500020393509,1059.2500017475845,1059.2500020169848,1059.2499998017981,1059.250000272989,1059.2499996626027,1059.2500011282405,1059.249998703136,1059.2499985945683,1059.2500022333197,1059.2500018819753,1059.2500002854629,1059.2499979181775,1059.2499980970686,1059.250000596849,1059.24999801522,1059.249997823128,1059.2499976944323,1059.2500005017991,1059.2499979201702
0,1059.2500005118623,1059.2500014716545,1059.250001658462,1059.2499993573356,1059.2500020620332,1059.2500018376004,1059.2500020244076,1059.2499997232812,1059.2500002708703,1059.2499996350132,1059.2500010822498,1059.2499986713492,1059.2499985374398,1059.2500023167227,1059.2500019065112,1059.2500003297139,1059.2499979146874,1059.24999813731,1059.2500006185483,1059.2499980226512,1059.2499978064936,1059.2499976789939,1059.2500005103548,1059.2499979144573
0,1059.250000523703,1059.2500015444946,1059.2500016775152,1059.2499992962964,1059.2500020712653,1059.2500019098243,1059.2500020428452,1059.2499996616261,1059.2500002481904,1059.2499996390059,1059.250001046617,1059.2499986580578,1059.2499984830215,1059.2500023729442,1059.2500019162717,1059.2500003246753,1059.249997914064,1059.249998167658,1059.25000062729,1059.2499980135572,1059.249997795009,1059.2499976633333,1059.2500005082352,1059.249997894502
0,1059.2500004894464,1059.250001588827,1059.2500016478104,1059.2499992275325,1059.250002080967,1059.2500019645342,1059.2500020235175,1059.2499996032395,1059.25000024876,1059.249999618021,1059.2500010149176,1059.2499986363105,1059.2499984468275,1059.2500024237888,1059.2500019252614,1059.2500003540415,1059.2499979064926,1059.249998201196,1059.2500006589535,1059.2499980430923,1059.249997780282,1059.2499976665595,1059.250000532743,1059.249997916882
0,1059.2500004992437,1059.2500016454062,1059.250001690192,1059.249999190884,1059.2500020958578,1059.2500020223156,1059.2500020671011,1059.249999567793,1059.2500001997291,1059.2499996474592,1059.250000977142,1059.2499986227908,1059.2499984155438,1059.2500024636063,1059.2500019431684,1059.2500003584764,1059.249997907635,1059.2499982278043,1059.2500006550692,1059.2499980093053,1059.2499977685632,1059.2499976386873,1059.2500005159973,1059.2499978702335
0,1059.2500004834794,1059.2500016795882,1059.2500016695462,1059.2499991427946,1059.2500020979815,1059.2500020607204,1059.2500020506784,1059.2499995239268,1059.2500002060954,1059.2499996271097,1059.25000095238,1059.2499986109447,1059.249998387821,1059.2500024925555,1059.2500019369543,1059.2500003679,1059.24999787317,1059.2499982552965,1059.2500007089782,1059.2499980327193,1059.2499977307166,1059.2499976518548,1059.2500005665247,1059.2499978902658
0,1059.2500004954866,1059.2500017179289,1059.2500016811643,1059.2499991134778,1059.2500020996313,1059.250002096616,1059.2500020598513,1059.2499994921652,1059.2500001750925,1059.249999648192,1059.2500009309508,1059.2499986064015,1059.2499983784114,1059.2500025269014,1059.2500019972658,1059.250000372873,1059.249997882892,1059.249998274659,1059.250000705043,1059.2499980285068,1059.249997720565,1059.249997587031,1059.250000542716,1059.24999786618
0,1059.2500004820915,1059.2500017395976,1059.2500016571896,1059.2499990775354,1059.2500020962011,1059.2500021206372,1059.2500020382292,1059.2499994585748,1059.2500001860385,1059.249999630407,1059.2500009178202,1059.2499986016276,1059.249998361359,1059.2500025442278,1059.2500019915885,1059.2500003792682,1059.2499978722105,1059.2499982925742,1059.2500007321325,1059.2499980535486,1059.2499977086793,1059.2499975998453,1059.2500005686015,1059.2499978900173
0,1059.2500004973515,1059.2500017670545,1059.25000166836,1059.2499990601736,1059.2500021716028,1059.2500021622916,1059.2500020635973,1059.249999455411,1059.2500001428964,1059.249999640933,1059.250000904895,1059.2499985291631,1059.2499983538025,1059.250002559346,1059.2500020178156,1059.2500003728371,1059.2499978836634,1059.2499982862541,1059.250000714805,1059.2499980444884,1059.249997714241,1059.2499975685703,1059.250000545383,1059.2499978750661
0,1059.250000441735,1059.2500017711895,1059.2500016431763,1059.249999025176,1059.2500021559833,1059.2500021758688,1059.2500020478556,1059.2499994298553,1059.2500001453154,1059.2499996052525,1059.250000824815,1059.249998522162,1059.2499983569999,1059.2500025748382,1059.2500020172165,1059.2500004223668,1059.2499978722783,1059.2499983723235,1059.250000771431,1059.2499980768607,1059.2499976863223,1059.2499975846013,1059.2500005854747,1059.249997890905
0,1059.2500004636868,1059.2500017917894,1059.2500016605384,1059.2499990195925,1059.2500021781013,1059.2500021965081,1059.2500020652567,1059.249999424311,1059.2500001063352,1059.2499996284118,1059.2500008058764,1059.2499984996816,1059.2499983147063,1059.2500026177374,1059.2500020329428,1059.2500004082262,1059.2499978970263,1059.2499983837145,1059.2500007474089,1059.2499980673704,1059.2499977028963,1059.2499975613666,1059.2500005532788,1059.24999787324
0,1059.2500004207227,1059.2500017870582,1059.250001623933,1059.249998993931,1059.2500021709586,1059.2500022002325,1059.2500020371078,1059.2499994071059,1059.2500001286146,1059.2499996017436,1059.250000796179,1059.2499984978897,1059.2499983256407,1059.250002613448,1059.2500020192501,1059.2500004393164,1059.2499978806816,1059.2499984001524,1059.250000781622,1059.2499980977138,1059.249997689491,1059.2499975902558,1059.2500005904315,1059.249997906523
0,1059.250000456281,1059.2500018633716,1059.2500016567226,1059.249998943724,1059.2500021946953,1059.2500022737556,1059.2500020671066,1059.249999354108,1059.2500000841117,1059.24999963382,1059.2500007833319,1059.249998478202,1059.2499982028323,1059.2500027444535,1059.2500020591158,1059.2500004209096,1059.2499979178444,1059.2499984027365,1059.2500007363615,1059.249998073928,1059.2499977135512,1059.2499975373366,1059.2500005320683,1059.2499978696349
0,1059.250000399155,1059.250001853578,1059.250001606771,1059.249998912618,1059.250002182789,1059.250002274637,1059.25000202783,1059.249999333677,1059.2500001218957,1059.249999596885,1059.2500007829997,1059.2499984807582,1059.24999821807,1059.250002736278,1059.250002037399,1059.250000461117,1059.2499978993558,1059.2499984128442,1059.2500007735507,1059.24999811278,1059.2499977026307,1059.2499975795035,1059.2500005768259,1059.249997916055
0,1059.2500004489984,1059.2500018992205,1059.2500016389295,1059.2499988982972,1059.2500022772879,1059.250002330821,1059.25000207053,1059.2499993298977,1059.2500000474274,1059.2499996308752,1059.2500007655622,1059.249998392223,1059.2499981441993,1059.2500028123002,1059.2500020761381,1059.2500004280103,1059.2499979649622,1059.249998404079,1059.2500006960172,1059.249998090319,1059.2499977574641,1059.2499975251037,1059.2500004885192,1059.2499978828212
0,1059.2500003528226,1059.250001902091,1059.2500015612852,1059.2499988290335,1059.2500022414174,1059.2500023479274,1059.250002007122,1059.2499992748703,1059.2500000895293,1059.2499995512069,1059.2500006690852,1059.2499983903494,1059.2499981864132,1059.2500027781593,1059.2500020302568,1059.2500004950257,1059.2499980113043,1059.2499985195163,1059.2500007251624,1059.2499981725105,1059.249997795223,1059.2499976041813,1059.250000509081,1059.249997956429
0,1059.2500003386635,1059.2500020690106,1059.250001555933,1059.2499986546609,1059.2500023665848,1059.2500025477377,1059.2500020346602,1059.2499991333884,1059.249999993406,1059.249999547759,1059.2500005541926,1059.2499982445606,1059.2499981226679,1059.2500028559411,1059.2500020495545,1059.2500005124768,1059.2499982552627,1059.2499986052446,1059.250000522447,1059.2499981947578,1059.249998015268,1059.24999758861,1059.2500002824522,1059.249997954763
0,1059.2499981408375,1059.2500038307596,1059.250001731799,1059.2499961205915,1059.2500043983991,1059.2500053079698,1059.250003209009,1059.2499975978017,1059.2499989252603,1059.249998511907,1059.2499975173462,1059.24999577307,1059.2499960095777,1059.250007825757,1059.2500062885304,1059.250003752506,1059.2499981074363,1059.2500010297686,1059.2500015496255,1059.2499980724078,1059.2499963855626,1059.249993735794,1059.249999827752,1059.2499963505343
0,1059.250001152656,1059.2499996197319,1059.2500003534694,1059.250000955557,1059.2500000903626,1059.2499993689582,1059.2500001026958,1059.2500007047836,1059.2500010693407,1059.2500006867238,1059.2500037728953,1059.2500008245402,1059.2499983284058,1059.2500025368463,1059.2500026976447,1059.2499995676142,1059.2499953603774,1059.249996190234,1059.250002809817,1059.2499990192725,1059.2499955550102,1059.2499970147114,1059.2500030044498,1059.2499992139053
0,1059.2500015167773,1059.249999692476,1059.250002802088,1059.250001957184,1059.2499998691285,1059.2499993035187,1059.2500024131307,1059.250001568227,1059.2500011895884,1059.250000971084,1059.2500040096334,1059.2500016470806,1059.2499975670482,1059.2500036370836,1059.250003242339,1059.2499999101185,1059.2499931587365,1059.2499955544945,1059.2500038088456,1059.249996506533,1059.24999324805,1059.2499959328316,1059.250003898159,1059.2499965958464
0,1059.250002173518,1059.249998741128,1059.2500034488332,1059.2500034064192,1059.2499988372094,1059.2499979535323,1059.2500026612372,1059.2500026188236,1059.250001616941,1059.2500015166543,1059.2500051880925,1059.2500030157657,1059.2499974599862,1059.2500035970475,1059.2500033385772,1059.249999428772,1059.2499904726858,1059.2499945257302,1059.250005821364,1059.2499957719656,1059.249990723371,1059.2499955876497,1059.250006072049,1059.2499960226507
0,1059.2500039710883,1059.2499964247393,1059.2500049070973,1059.2500069664263,1059.2499962328736,1059.2499945979946,1059.2500030803526,1059.2500051396814,1059.2500026666376,1059.250002824565,1059.2500079945892,1059.2500063815655,1059.2499973238703,1059.250003330037,1059.2500036605038,1059.2499980514476,1059.2499833328325,1059.2499921365736,1059.2500114382897,1059.2499941740466,1059.249983924735,1059.249994643914,1059.2500120301925,1059.2499947659496
0,1059.250008935407,1059.249990590405,1059.2500084101964,1059.2500160350262,1059.2499896183524,1059.249986030267,1059.2500038500584,1059.2500114748882,1059.2500052893206,1059.2500060584912,1059.2500149008254,1059.2500148081313,1059.2499970148942,1059.2500023806065,1059.2500043423408,1059.2499940750586,1059.249965248429,1059.2499863465973,1059.2500258986047,1059.249990476036,1059.2499666644467,1059.2499923449443,1059.2500273146225,1059.2499918920537
0,1059.2500694550847,1059.2499147102633,1059.2500481040306,1059.2501301933228,1059.2499284509245,1059.249881423696,1059.2500148174636,1059.2500969067557,1059.2500312606394,1059.2500353266864,1059.250080319918,1059.2500940079672,1059.2499958453836,1059.2499987164194,1059.2500354850051,1059.2499502776132,1059.249691172426,1059.249930514864,1059.2502639098025,1059.2499518888815,1059.2496938986208,1059.2499420632098,1059.2502666359971,1059.249954615076
0,1059.2501213380062,1059.2498716937096,1059.2500843733142,1059.2502068810222,1059.2498830819331,1059.24981544908,1059.2500281286843,1059.2501506363928,1059.2500502693522,1059.2500594196174,1059.250132364163,1059.2501548052926,1059.2499575227803,1059.250007782248,1059.2500085655124,1059.2499006018804,1059.2495224853303,1059.2498845931186,1059.2504017402414,1059.2499170268488,1059.2495384326714,1059.249952147139,1059.250417687582,1059.2499329741888
0,1059.2500346374263,1059.249846499993,1059.2499908075831,1059.2501632191354,1059.2501350347995,1059.2498702005978,1059.2500145081883,1059.2501869197401,1059.2499890014267,1059.249987839347,1059.2500574226035,1059.2498819457617,1059.2499504243372,1059.2500262112228,1059.249980291186,1059.2499585399198,1059.2494977075323,1059.2499140172429,1059.2504683313678,1059.2499970714387,1059.2495215107442,1059.2500148492668,1059.2504921345799,1059.250020874652
0,1059.2500274103134,1059.2499158830165,1059.2499671685816,1059.2500820463058,1059.2502862060737,1059.2499769764079,1059.2500282619733,1059.2501431396977,1059.2500006857383,1059.250010296698,1059.2502494091823,1059.2497793431965,1059.2498891915195,1059.2500485883165,1059.2498966612382,1059.249940444266,1059.249409787111,1059.249690532787,1059.2504591143738,1059.2499662468208,1059.249507481798,1059.2501043741254,1059.2505568090623,1059.250063941512
0,1059.2500831407776,1059.2499327160206,1059.2499414091053,1059.2500766612006,1059.2502528357438,1059.2499727755676,1059.249981468653,1059.2501167207479,1059.2500249607144,1059.250042954415,1059.2503519341267,1059.249825869978,1059.2497824559555,1059.250168369484,1059.2499742987857,1059.2498969605529,1059.2493702007102,1059.2496033177422,1059.2504723878765,1059.249984573797,1059.2494688050976,1059.2500210126345,1059.2505709922652,1059.25008317819
0,1059.2501838615888,1059.2501021375574,1059.2499157666186,1059.2499359170297,1059.2503131773722,1059.250132664873,1059.2499462939338,1059.2499664443455,1059.2500053665863,1059.2500308405288,1059.2503403106107,1059.2497544807832,1059.2498699823634,1059.2500577075043,1059.2500116789597,1059.2497990106426,1059.249381744552,1059.249610134817,1059.2504829391758,1059.2500356025278,1059.2494665304816,1059.249969293782,1059.2505677251065,1059.2501203884608
0,1059.250112273277,1059.25005789832,1059.2497646279733,1059.2498950821414,1059.2503122406476,1059.2501051042125,1059.249811833866,1059.2499422880346,1059.2500386283782,1059.2500685822242,1059.2505156201905,1059.249765060769,1059.249880586854,1059.2501165713027,1059.2501297639276,1059.2498627960329,1059.2493852714035,1059.2494606837145,1059.2504601257929,1059.250134560849,1059.2494875035095,1059.2498937458704,1059.2505623579004,1059.2502367929599
0,1059.250113214577,1059.250019264162,1059.249728524678,1059.2499202856125,1059.2503486608048,1059.2500748454768,1059.2497841059933,1059.2499758669276,1059.2500435297286,1059.2500779583017,1059.2505806203392,1059.2497374394043,1059.2501005749657,1059.2499184248516,1059.25018368194,1059.2498660602153,1059.249318357044,1059.249394023491,1059.2505094425765,1059.2501551500134,1059.249425182457,1059.249846543205,1059.2506162679906,1059.2502619754296
0,1059.2500369354539,1059.2500687703748,1059.2497903468811,1059.2498652573472,1059.250365538405,1059.2501463430092,1059.2498679195155,1059.2499428299811,1059.2500351902697,1059.2500736855557,1059.2505515545547,1059.249733485989,1059.2500104114454,1059.2499919991333,1059.2500750272782,1059.2499312836974,1059.2492143250097,1059.2494038589973,1059.250587626249,1059.2500776425973,1059.2493451302537,1059.249957958908,1059.2507184314945,1059.2502084478474
0,1059.2499505065737,1059.2500973472727,1059.2496933074474,1059.2497666017891,1059.2503017226857,1059.2501802581503,1059.2497762183245,1059.2498495126665,1059.2500556444088,1059.2500961292562,1059.2506082990255,1059.2497890495474,1059.2500595819292,1059.249952889243,1059.250044946418,1059.2499877035455,1059.2491882309137,1059.2493768156066,1059.250630224662,1059.2501478948636,1059.2493407930267,1059.2500230790947,1059.2507827867769,1059.2503004569833
0,1059.2500217461777,1059.2501146506293,1059.2496843808703,1059.249773099891,1059.250302043696,1059.2501808198977,1059.2497505501387,1059.249839269159,1059.2500545398607,1059.2500968590705,1059.2506126672124,1059.2497837002886,1059.249981832999,1059.2500938812334,1059.2502382362397,1059.2499599861987,1059.2491663465737,1059.2493772883101,1059.2506621655082,1059.2501737504213,1059.2492703581806,1059.249817888553,1059.250766177117,1059.250277762034
0,1059.2501203687198,1059.2501289505633,1059.2497397789548,1059.2498176306012,1059.2501499845562,1059.250135941914,1059.2497467703054,1059.249824621952,1059.2500646953554,1059.250105919811,1059.2505310713284,1059.2499156049544,1059.2499136432823,1059.2501405667176,1059.250261896765,1059.2498800268615,1059.2491721997983,1059.2494886467894,1059.2506966212275,1059.250167922134,1059.2492373937268,1059.2497648127062,1059.2507618151571,1059.250233116066
0,1059.2502484148104,1059.2501467717134,1059.249848258536,1059.2498901542183,1059.2501842145819,1059.2501316160956,1059.249833102918,1059.2498749986,1059.250034266553,1059.2501324914351,1059.2505341062822,1059.2499024717497,1059.2498835696426,1059.2500890920132,1059.2501720482871,1059.2497563789805,1059.24916138077,1059.2494625864304,1059.2506652466259,1059.2500835181133,1059.249243273312,1059.2498094888088,1059.2507471391693,1059.2501654106586
0,1059.2503120980261,1059.2502140108274,1059.249881184159,1059.2498598163954,1059.2501716042937,1059.2501808447564,1059.2498480180875,1059.2498266503242,1059.249972020508,1059.2500889912592,1059.2502970817184,1059.2498626491304,1059.2496590094827,1059.2502817953016,1059.2501498069166,1059.2496952179865,1059.2493873917815,1059.249699170781,1059.2505441014225,1059.2501214760437,1059.2494143291985,1059.2498132795115,1059.2505710388398,1059.2501484134625
0,1059.2502156343949,1059.2501408154114,1059.2497084179086,1059.2498301751496,1059.2501829879113,1059.250133108622,1059.2497007111192,1059.2498224683602,1059.2499581816257,1059.2501075911339,1059.2503445083564,1059.249827686959,1059.2495681738365,1059.25042401352,1059.2502135916732,1059.2497659545693,1059.2495528861868,1059.249677703167,1059.2504257640858,1059.2502664025058,1059.2495819720973,1059.2498009130632,1059.2504548499974,1059.2502954884187
0,1059.250181965715,1059.2499405642322,1059.2496542106942,1059.2499968607233,1059.2501762451961,1059.249939213801,1059.2496528602626,1059.2499955102917,1059.2499214108905,1059.250144069448,1059.2503475727287,1059.2498238570258,1059.249589419436,1059.2504117913868,1059.2502158177895,1059.2497873521718,1059.2495965034063,1059.2496850652342,1059.2504032921704,1059.2503143995802,1059.249627287735,1059.249815469748,1059.2504340765004,1059.2503451839118
0,1059.2500309038458,1059.2499043758958,1059.249595764848,1059.2499530242321,1059.2501602628392,1059.2499349134114,1059.249626302364,1059.249983561748,1059.2498075995813,1059.2502772539133,1059.2503807478245,1059.2498414014954,1059.2495347973322,1059.250523554103,1059.2502257940569,1059.249926971925,1059.2496287936415,1059.2496600146087,1059.2503678777205,1059.2503312709111,1059.2496725821952,1059.249845505904,1059.2504116662756,1059.2503750594678
0,1059.2501769899018,1059.2499688421583,1059.2495402342222,1059.2499231470672,1059.2501576971085,1059.2499642877474,1059.249535679812,1059.2499185926563,1059.2498147610415,1059.2502626673668,1059.2503802528922,1059.2498224573005,1059.2494923233335,1059.250508342442,1059.2502324053912,1059.2497693375908,1059.249685672053,1059.2496783069141,1059.2503540191462,1059.2504256059983,1059.2497194989644,1059.2498216000126,1059.2503878460582,1059.2504594329112
0,1059.250440290198,1059.2500317457539,1059.249597786426,1059.249982798222,1059.2501655312199,1059.249966883958,1059.2495329246296,1059.2499179364258,1059.2499257735894,1059.2501510729649,1059.2503858846424,1059.2498153022502,1059.2496259543277,1059.2503861573637,1059.250458671184,1059.2495730376374,1059.249729358944,1059.2496717051706,1059.2503089741224,1059.250428652098,1059.2496968645792,1059.2495340568328,1059.2502764797575,1059.2503961577331
0,1059.2504628928748,1059.2500363952215,1059.2496352425137,1059.2500010891613,1059.2501705731893,1059.2499673879047,1059.2495662351969,1059.2499320818445,1059.249952593392,1059.2501156196442,1059.2503653158426,1059.2498132682035,1059.2496403014623,1059.2504333389097,1059.250600123489,1059.2495926695035,1059.2497890688198,1059.2496849492882,1059.2502432484005,1059.2503996582893,1059.2497173478362,1059.2493811343238,1059.2501715274166,1059.250327937305
0,1059.2504481831352,1059.2500328269484,1059.2496408109862,1059.2500011657814,1059.2502066215686,1059.249975801998,1059.2495837860358,1059.2499441408308,1059.2500293584658,1059.2499909593191,1059.2502896839092,1059.2497635087384,1059.2496296329934,1059.2504707615044,1059.250643825722,1059.249619010478,1059.2498340353534,1059.2497503446803,1059.2502257040396,1059.2504060550752,1059.249736972047,1059.2493391779167,1059.2501286407335,1059.250308991769
0,1059.2503417254156,1059.2500458035654,1059.2497447344272,1059.2499872211563,1059.2501579648977,1059.2500024235917,1059.2497013544532,1059.2499438411824,1059.250113943306,1059.2498959681159,1059.2502058252314,1059.2498201231983,1059.2496303963337,1059.2505507814194,1059.2507089536846,1059.2497653758196,1059.249961925772,1059.2498210423853,1059.2500818980407,1059.2502936898388,1059.2498329126327,1059.2492745339569,1059.2499528849014,1059.2501646766998
0,1059.250321108849,1059.2500192656235,1059.2497352994776,1059.2500022804402,1059.2501194562778,1059.2499716619088,1059.2496876957628,1059.2499546767256,1059.250013285333,1059.2499549949182,1059.250089103454,1059.249827853165,1059.2495629700452,1059.250642051542,1059.2507445785047,1059.249792174977,1059.2500144697358,1059.2499477272304,1059.2500909113808,1059.2503281641132,1059.2498484953537,1059.2492446484646,1059.2499249369985,1059.2501621897306
0,1059.2502925374272,1059.2500659022285,1059.2497991761866,1059.2499691292549,1059.2500281286827,1059.2500034837913,1059.249736757749,1059.2499067108174,1059.2501110965406,1059.2499150808449,1059.250128475971,1059.2499400573138,1059.2495297026953,1059.2506926456572,1059.2507459630503,1059.24983615249,1059.2499331646075,1059.2499164267294,1059.2501304634038,1059.2502501535607,1059.249772660687,1059.249236521212,1059.2499699594832,1059.2500896496406
0,1059.2503723300104,1059.2501010007293,1059.2498570174748,1059.249986602214,1059.250228812271,1059.2500671207868,1059.2498231375325,1059.2499527222715,1059.249775418616,1059.2500857592086,1059.24992486065,1059.2497116981774,1059.249634633823,1059.2505043487536,1059.2506228983375,1059.2497409627467,1059.2499566367908,1059.2500652178267,1059.250162342335,1059.2502462735588,1059.2497838544762,1059.249333300197,1059.2499895600204,1059.250073491244
0,1059.2502067907965,1059.2501014007826,1059.2498411526499,1059.249916911983,1059.2504086874178,1059.2501490621096,1059.249888813977,1059.2499645733099,1059.249699050963,1059.2501051670938,1059.2499371968822,1059.2495502393263,1059.2496697996592,1059.2505573523417,1059.2506787500463,1059.2499159415872,1059.2498046329758,1059.2500059854244,1059.2502775135704,1059.250209077002,1059.2496408273332,1059.2493120935846,1059.2501137079266,1059.2500452713587
0,1059.2499938973701,1059.2501282245255,1059.2497678183367,1059.2497807589727,1059.250346449345,1059.250211450757,1059.2498510445685,1059.2498639852045,1059.2496233739264,1059.2502098083244,1059.2499554056988,1059.2496078597687,1059.2497140706557,1059.250621713153,1059.2507506071345,1059.2501284862876,1059.2498029510991,1059.2500068763356,1059.2502884307023,1059.25023236431,1059.2496348765521,1059.2492949011287,1059.2501203561549,1059.2500642897628
0,1059.2499704521929,1059.2501019285664,1059.2497378374055,1059.2497866479748,1059.2503685011047,1059.250195895168,1059.249831804007,1059.2498806145763,1059.2498164809824,1059.249983344327,1059.249906269428,1059.2495696664234,1059.2497382961742,1059.250672829012,1059.2508969410328,1059.250179398672,1059.2498166500807,1059.2500554757148,1059.2503070148828,1059.2502682833433,1059.2496049667438,1059.2491587707088,1059.2500953315453,1059.2500566000065
0,1059.2499629595816,1059.249981650679,1059.2497379436431,1059.249904104519,1059.2502744487401,1059.2500551832948,1059.2498114762589,1059.2499776371344,1059.249847460894,1059.249999038335,1059.2499329186785,1059.249665211089,1059.249721612489,1059.2507046228543,1059.2509228629297,1059.2501930356893,1059.2498298459645,1059.2500506711178,1059.2502908343854,1059.2502652741325,1059.2496135105225,1059.2491342594806,1059.2500744989431,1059.2500489386914
0,1059.2499112205314,1059.2499399646138,1059.2496586706923,1059.2498957484513,1059.2501808104098,1059.250003606151,1059.2497223122296,1059.2499593899888,1059.2499469957932,1059.2500837576017,1059.250264449073,1059.2498160643647,1059.2496871042586,1059.250777812832,1059.2509780741966,1059.25023909455,1059.2498752314655,1059.2497540528657,1059.2501310190075,1059.250262311085,1059.2497217911553,1059.2491040692817,1059.2499775786973,1059.2501088707759
0,1059.2500181985647,1059.2499335361222,1059.249675813846,1059.249949587017,1059.250021660848,1059.2499343534562,1059.2496766311804,1059.2499504043512,1059.2499988131349,1059.2501227808543,1059.2503368221387,1059.2499815150597,1059.2495521796025,1059.2508887072681,1059.2510104503665,1059.2501438064469,1059.2498189141593,1059.2497207989722,1059.250174734058,1059.2502625718466,1059.249660085053,1059.2490479880807,1059.2500159049512,1059.2501037427412
0,1059.250005944205,1059.249893984171,1059.2496543554678,1059.249976261847,1059.2500355438897,1059.2499009717083,1059.2496613430058,1059.2499832493845,1059.2500399040634,1059.2501517512083,1059.2504993657128,1059.2500023943123,1059.2495660887887,1059.2508662543607,1059.25098653867,1059.2501453503887,1059.2498070095655,1059.2495585237546,1059.2501171140839,1059.2502428293835,1059.2496936531654,1059.2490783383398,1059.250003757684,1059.2501294729857
0,1059.2499989669814,1059.2499251347008,1059.249641037384,1059.2499373592002,1059.2500569209108,1059.2499388157676,1059.249654718451,1059.2499510402674,1059.2500435155282,1059.2501430947325,1059.2505072397641,1059.2499813122533,1059.2497024683305,1059.250740710529,1059.251006387917,1059.2501538694105,1059.2497296663182,1059.249547832235,1059.250193867402,1059.250251976443,1059.2496150630852,1059.249062365151,1059.250079264169,1059.2501373732116
0,1059.2499304438775,1059.2497704556895,1059.2495165893206,1059.2500183297784,1059.2500969382302,1059.2498097596747,1059.249555893306,1059.2500576337636,1059.250045183215,1059.250133447507,1059.2505415874207,1059.2499260738975,1059.249773623929,1059.250752030535,1059.2511494051344,1059.2502267761286,1059.2496854942574,1059.2495247158847,1059.2502684816104,1059.2503547913877,1059.2495512863718,1059.24895620216,1059.250134273725,1059.2502205835042
0,1059.249921610198,1059.249722000099,1059.2495818444677,1059.250088336451,1059.2500787610945,1059.249759098393,1059.249618942762,1059.250125434745,1059.2500567736572,1059.2501344371103,1059.2505414853956,1059.2499591109133,1059.249844634001,1059.2506777945332,1059.2511229632833,1059.250244772395,1059.2497057184887,1059.2495162480595,1059.2502185376345,1059.2502854519128,1059.2495772078994,1059.2489718684685,1059.250090027045,1059.2501569413248
0,1059.2499027579731,1059.249729394249,1059.249608470081,1059.250083911473,1059.2501569795338,1059.2497894078183,1059.2496684836512,1059.2501439250423,1059.2500376370142,1059.2501022869528,1059.2504866767986,1059.2498796489297,1059.2497238910692,1059.2508405630608,1059.251191638122,1059.2502861219896,1059.249652125595,1059.2495466567987,1059.2502746176062,1059.2502615544213,1059.2494998740833,1059.2489017090497,1059.2501223660954,1059.250109302913
0,1059.2499004993226,1059.2496465513989,1059.2496354070918,1059.250176180615,1059.2501588561836,1059.24970754118,1059.2496963968745,1059.250237170396,1059.2500749454455,1059.2501262368792,1059.250612611363,1059.2499140908417,1059.2496178162442,1059.2509311253446,1059.2511518102178,1059.2502853375204,1059.2496495620194,1059.249415032878,1059.2502045441129,1059.2502030120324,1059.249536672172,1059.2489368238175,1059.2500916542667,1059.250090122191
0,1059.2497857300407,1059.249721459441,1059.249514915318,1059.2500114108457,1059.250061513754,1059.249786563144,1059.249580019022,1059.2500765145487,1059.2500996585125,1059.2501242111157,1059.2506041383403,1059.2499819599739,1059.2497625236065,1059.2507994354637,1059.251109543247,1059.2503616846766,1059.2497871915828,1059.2494643228356,1059.250125861128,1059.2503080462252,1059.2496832505701,1059.2490240216437,1059.250021920116,1059.250204105216
0,1059.249750253,1059.2497402055171,1059.2494359261436,1059.249948942562,1059.2499118038354,1059.2497783424956,1059.2494740631228,1059.2499870795407,1059.2501573536863,1059.2501248529522,1059.2506268159873,1059.2501120105753,1059.2498031752084,1059.2507895360711,1059.2511610615056,1059.2503906767313,1059.249750980109,1059.249490473027,1059.2502013912665,1059.2503848336416,1059.249633864771,1059.2489943644978,1059.2500842759296,1059.2502677183065
0,1059.2496945598734,1059.2496738339994,1059.2494765880288,1059.2500095726539,1059.2499057006141,1059.2497236775664,1059.2495264315971,1059.250059416221,1059.250243170556,1059.250010883101,1059.2505522479005,1059.2501128732013,1059.2498584509585,1059.2506663462063,1059.2509643946557,1059.2504095420898,1059.2497499024958,1059.2495562052382,1059.2502129501177,1059.250346541666,1059.2496643743168,1059.2491939020658,1059.2501274219408,1059.2502610134914
0,1059.2496622510585,1059.2497004618383,1059.2494510447639,1059.2499608472883,1059.2499481073273,1059.2497679433488,1059.249518526276,1059.2500283287986,1059.2501079521642,1059.250165962726,1059.250630132204,1059.2500869862715,1059.2497350503218,1059.250793163936,1059.2509503721083,1059.2504325106643,1059.2497181473998,1059.2494717317577,1059.2502116656208,1059.2503445163707,1059.24965847924,1059.2492189733857,1059.2501519974637,1059.2502848482166
0,1059.249685262336,1059.249557320794,1059.2494882633564,1059.2501269940874,1059.2499378968116,1059.2496169597027,1059.2495479022673,1059.250186632996,1059.2500721881286,1059.250229591469,1059.2506752797538,1059.2501147894527,1059.2496788317198,1059.2508128079096,1059.2508844141332,1059.2504027149696,1059.2496533908254,1059.2494229239487,1059.2502412369681,1059.2503012080704,1059.249618099736,1059.2492734285058,1059.2502059458818,1059.2502659169875
0,1059.249650790099,1059.249536780158,1059.2494312952015,1059.2501126076058,1059.2502043114912,1059.2496674488325,1059.249561963878,1059.2502432762801,1059.2497695107695,1059.2503365189348,1059.250473523307,1059.2498040660012,1059.2496435893133,1059.2509343033921,1059.251050092418,1059.2504628501724,1059.2497550839394,1059.2495711141858,1059.2502281613301,1059.2503850213886,1059.2496498211287,1059.249125213773,1059.250122898522,1059.250279758583
0,1059.2496902501298,1059.2496095592533,1059.2495212994377,1059.2500892794653,1059.2501923927816,1059.2497280990526,1059.249639839239,1059.250207819265,1059.2497928009961,1059.2503125614974,1059.2504475948704,1059.2498282476868,1059.2494764473424,1059.2511317631688,1059.251129041172,1059.2504632745022,1059.249647139937,1059.2495844460175,1059.2503115793168,1059.2503074796173,1059.2495142557411,1059.2490215395417,1059.2501786951236,1059.2501745954287
0,1059.2496717491147,1059.2495859871271,1059.2495504377168,1059.250116914664,1059.2501783973478,1059.24970559055,1059.2496700411416,1059.2502365180871,1059.2498894189991,1059.250152395962,1059.2502959084306,1059.2498135645187,1059.2494747433661,1059.251090218168,1059.2510169057916,1059.2504621825606,1059.249730158649,1059.2497330372905,1059.2502859178187,1059.2503090514751,1059.2495881888028,1059.249131643382,1059.2501439479754,1059.2501670816355
0,1059.2496886521483,1059.2495165986504,1059.249616900018,1059.2502181458622,1059.250149657523,1059.2496254272562,1059.249725728625,1059.2503269744684,1059.2498870234592,1059.250204199041,1059.2503666689108,1059.249872154674,1059.2498296076924,1059.2506877450346,1059.2509170504252,1059.2504373965285,1059.2496650553755,1059.2496571302693,1059.2502913204648,1059.2502286602314,1059.2495608188754,1059.2492155773741,1059.2501870839662,1059.2501244237353
0,1059.249685875624,1059.2494950024418,1059.2495962334995,1059.2502307876207,1059.2500554161018,1059.249582239115,1059.249683470173,1059.250318024294,1059.2498185541403,1059.2503254439669,1059.250410277129,1059.24996671474,1059.2498876124355,1059.2506303352839,1059.250920011305,1059.2504359933428,1059.2497599620515,1059.2496395912185,1059.2501957765232,1059.2502445308983,1059.2496602239214,1059.2492170937214,1059.2500960383936,1059.2501447927696
0,1059.2497025425662,1059.2494904027376,1059.2495788828753,1059.250235126181,1059.250046334189,1059.2495715609307,1059.2496600410689,1059.250316284374,1059.2499378187442,1059.2502383136002,1059.250475465692,1059.2499856547383,1059.2499829849282,1059.25053751156,1059.2509422072137,1059.250420470231,1059.2497870698269,1059.249580611701,1059.2501489526028,1059.250251892876,1059.2496960459512,1059.2491950283777,1059.250057928727,1059.2501608690013
0,1059.2496934295307,1059.2494963703348,1059.2495316281725,1059.2502076280177,1059.2499054428595,1059.2495464198932,1059.2495816777293,1059.2502576775757,1059.2499035588771,1059.2502931581587,1059.2504200473,1059.2500949644868,1059.2501747051538,1059.2503923388563,1059.2510424486823,1059.2504420917905,1059.249663672921,1059.2496779040346,1059.2503355126898,1059.2503199639134,1059.2495285589816,1059.2491055521973,1059.2502003987483,1059.25018484997
0,1059.2497091215841,1059.2496642089159,1059.2493395644765,1059.2499724214713,1059.2498970463248,1059.24970857193,1059.2493839274894,1059.2500167844853,1059.250110230997,1059.2501005661275,1059.2504808434524,1059.250071030529,1059.2502362437624,1059.2503451248954,1059.2511221648513,1059.2503998780517,1059.2498469505265,1059.2496564783828,1059.2502168960139,1059.2505106740523,1059.2497060277674,1059.2490595199924,1059.2500759732536,1059.2503697512911
0,1059.249654952996,1059.2496719147234,1059.249284325779,1059.249922925783,1059.2493726002806,1059.24960526029,1059.249217671343,1059.2498562713495,1059.2503221113066,1059.2499651382248,1059.250250238328,1059.2505017903666,1059.2502325824175,1059.2502861548553,1059.2509562356315,1059.2504018360478,1059.2500620901992,1059.250018995961,1059.2501891288775,1059.2506387040853,1059.2498796918624,1059.2492463442015,1059.2500067305386,1059.2504563057464
0,1059.2496701577734,1059.2497227921724,1059.2493411176715,1059.2498995486192,1059.2492950992826,1059.249634252874,1059.249252578371,1059.2498110093209,1059.2503410873273,1059.2499816104987,1059.2502559527447,1059.2505888807682,1059.25013237763,1059.2502442306766,1059.2506566562613,1059.2503293168795,1059.2501435289287,1059.2500214162699,1059.2500885113097,1059.2505860728925,1059.2500280343638,1059.249532173438,1059.2499730167438,1059.2504705783265
0,1059.2497475641492,1059.2498697765423,1059.2495396735776,1059.2498579724775,1059.2493003346162,1059.2497641999717,1059.2494340970052,1059.2497523959069,1059.2503538257688,1059.2501015145865,1059.2505064628472,1059.2506856335328,1059.2501714064651,1059.2502442850264,1059.2507641382279,1059.2503241561863,1059.250039726686,1059.2497352392631,1059.2499883371875,1059.2503382329105,1059.2499539745304,1059.249371987298,1059.2499025850302,1059.2502524807528
0,1059.2497956859368,1059.2499057277018,1059.2495397979433,1059.2498404497098,1059.249274794971,1059.2497827620261,1059.2494168322655,1059.249717484034,1059.2501505675798,1059.25032481607,1059.2505315504573,1059.250713019887,1059.2500771834198,1059.250297117438,1059.2507153790416,1059.2502645532618,1059.2501038192001,1059.2497183265725,1059.249920551222,1059.250345476008,1059.250031394896,1059.2494115322913,1059.2498481269158,1059.2502730517017
0,1059.2498243460707,1059.249948581001,1059.2496997755652,1059.2498696496295,1059.249455514484,1059.2498615116754,1059.2496127062373,1059.2497825803039,1059.2498430815292,1059.2505287834174,1059.2504210909594,1059.2505524639628,1059.2501225659466,1059.2502565242366,1059.2507181565945,1059.2502743143784,1059.2501383062304,1059.2497568630906,1059.2498457369263,1059.2502013613484,1059.2500476242628,1059.249372728106,1059.2497550549572,1059.2501106793786
0,1059.249820770475,1059.2499263939435,1059.2497215899402,1059.2498988032803,1059.2494464234737,1059.249838022605,1059.2496332185995,1059.249810431942,1059.2498244596393,1059.250542987543,1059.2504004616835,1059.2505615273737,1059.2502206065174,1059.2501589174758,1059.25071201653,1059.2502815901855,1059.2502192213126,1059.249775311085,1059.249764877046,1059.2501830578688,1059.2501248115425,1059.249375384875,1059.2496704672742,1059.2500886480966
0,1059.2498484885164,1059.2498133743372,1059.2497434638028,1059.250030765304,1059.249448346187,1059.2497189135483,1059.2496490030112,1059.2499363045147,1059.249854087339,1059.2505082888767,1059.2503882621068,1059.2505604509415,1059.2500050698548,1059.2503412528088,1059.250659941768,1059.250246742692,1059.250251868,1059.2497841289173,1059.249730537843,1059.2501698089627,1059.2501654339603,1059.2494179884436,1059.2496441038015,1059.2500833749214
0,1059.2498222430618,1059.2498687578307,1059.2497171002346,1059.249955286955,1059.2494691177678,1059.2497853962573,1059.2496337386601,1059.2498719253817,1059.2499702418966,1059.250376883442,1059.2503756800645,1059.2505331057168,1059.2499896104116,1059.2503463086875,1059.250621708651,1059.2502577389203,1059.2501757013174,1059.2497956591585,1059.2498198517987,1059.2501926987368,1059.250097942846,1059.2494662689833,1059.2497420933257,1059.250114940264
0,1059.249829395709,1059.2498668649332,1059.249721118959,1059.2499614469366,1059.2494700924535,1059.2497820449414,1059.2496362989657,1059.2498766269446,1059.2499534027227,1059.2504150871325,1059.2504212304027,1059.2505434884133,1059.2499837115727,1059.250352142939,1059.2506265909597,1059.2502526875219,1059.2502048985887,1059.2497494336972,1059.2497679397632,1059.250179456171,1059.2501363962506,1059.2494592531327,1059.2496994374237,1059.2501109538318
0,1059.2498419188296,1059.2499343072097,1059.2497658119453,1059.2499158592718,1059.249457039813,1059.249843449599,1059.2496749543336,1059.2498250016615,1059.2498951144996,1059.2504856873675,1059.250429365357,1059.2505675867376,1059.2499647548193,1059.2503433215898,1059.2505693518303,1059.2502372026406,1059.2502989784941,1059.2497364090502,1059.24965176846,1059.2501346447814,1059.250244483595,1059.2495055649513,1059.24959727356,1059.2500801498823
0,1059.2498501111552,1059.2500090454168,1059.249830039814,1059.2498687831196,1059.2493683423002,1059.249895315218,1059.249716309614,1059.2497550529208,1059.2497703048068,1059.25065588849,1059.250445849991,1059.2506699383912,1059.2499555926101,1059.2503430180116,1059.2505436642846,1059.2502381084407,1059.250307788963,1059.2497289659775,1059.2496156496854,1059.2500705937846,1059.2502578500787,1059.2495174214637,1059.2495657107995,1059.2500206548998
0,1059.2498178397384,1059.2499654465114,1059.2498321498551,1059.2499008614027,1059.2493321482702,1059.2498507903094,1059.249717493652,1059.249786205201,1059.2497656695723,1059.2506780684062,1059.2504535024727,1059.2507082184436,1059.2499399045714,1059.2503359326597,1059.2504689183345,1059.250253232852,1059.2503188698863,1059.2497279998202,1059.2496003967324,1059.250060637419,1059.2502881640335,1059.2495979277332,1059.2495696908775,1059.2500299315655
0,1059.2498140824866,1059.2499987078943,1059.2498335382381,1059.2498666951928,1059.2492847427081,1059.249873747724,1059.2497085780665,1059.2497417350228,1059.249803662755,1059.2506585060066,1059.2504558903174,1059.2507540830136,1059.2499232363145,1059.2503294887358,1059.2504166611109,1059.2502449815943,1059.2503196461857,1059.249736368357,1059.249602702414,1059.2500603376109,1059.2502994078466,1059.2496506373707,1059.2495824640732,1059.2500400992717
0,1059.249844871037,1059.2500774206253,1059.2497822641383,1059.2497801576797,1059.2492036537735,1059.2499260497632,1059.2496308932753,1059.2496287868178,1059.2499408632093,1059.2505463693612,1059.250458210475,1059.2508173807703,1059.249920768586,1059.2503439268376,1059.2504767157243,1059.250216265838,1059.2504711691045,1059.2497643712825,1059.2494867618527,1059.2501254904892,1059.2504310667905,1059.2495944951525,1059.2494466595379,1059.2500853881772
0,1059.2498557836004,1059.2500844803847,1059.2497710550078,1059.2497729846423,1059.2492287078587,1059.249936447883,1059.2496230225051,1059.2496249521403,1059.2499922893312,1059.250507173278,1059.250505886498,1059.250801723432,1059.2498852023234,1059.2503505759528,1059.250426437426,1059.2501908380575,1059.250456699158,1059.249713413533,1059.2494824383048,1059.2501272462332,1059.2504405088032,1059.249644830089,1059.2494662479496,1059.25011105588
0,1059.2497685082662,1059.2500330437108,1059.2497936986126,1059.24979973419,1059.2492082308759,1059.2499007801605,1059.2496614350616,1059.24966747064,1059.250007259767,1059.2505420695975,1059.2505876035914,1059.2508505591845,1059.2498213176432,1059.2503975559634,1059.2503157009482,1059.2502573174866,1059.2501947422495,1059.2496282710504,1059.2496876776822,1059.250063900314,1059.2502277065655,1059.2497679101311,1059.2497206419973,1059.2500968646298
0,1059.2498410951011,1059.2499292799941,1059.2498415321309,1059.2499494943806,1059.2490184747012,1059.2497350856615,1059.249647337795,1059.249755300048,1059.2500392539723,1059.250581647226,1059.2505883714769,1059.251037168732,1059.2502983954205,1059.2499093460426,1059.2503417113016,1059.2502021628916,1059.2499454927163,1059.2496664357327,1059.2499432205059,1059.2500422117105,1059.2499578782154,1059.2497189015344,1059.2499556060004,1059.250054597203
0,1059.2498295071493,1059.2499911729394,1059.2497921566837,1059.2498643154909,1059.2490348557142,1059.2498035811839,1059.2496045649248,1059.2496767237349,1059.2500156652686,1059.2505621188784,1059.2505184695146,1059.2509941887895,1059.2502746025684,1059.2499639200091,1059.2504069617794,1059.2502174984154,1059.2498800108774,1059.2497413780898,1059.2500619001817,1059.2501065431031,1059.2498620498698,1059.249665294027,1059.2500439391695,1059.2500885820884
0,1059.2499100990988,1059.250064116868,1059.2498181642518,1059.2498320889576,1059.2489740373105,1059.2498431426566,1059.249597190037,1059.249611114746,1059.2499987186652,1059.2505484155863,1059.2504057573503,1059.2510266584748,1059.250358215842,1059.2498046228816,1059.2503068940812,1059.2501194232323,1059.2499768296489,1059.249867114008,1059.2500217788222,1059.2501292429233,1059.2499480031577,1059.2497450030194,1059.2499929523271,1059.2501004164271
0,1059.2499392107886,1059.250017780958,1059.249857358091,1059.2499045152597,1059.2490979309268,1059.2498191817233,1059.2496587588544,1059.2497059160253,1059.2499783635556,1059.2505297201415,1059.250411520403,1059.2509186597597,1059.2499873098457,1059.250053794704,1059.2500651234222,1059.2500424896139,1059.249909601781,1059.2498259307774,1059.2500572168915,1059.2500871993777,1059.2499444920904,1059.249973728492,1059.2500921071985,1059.2501220896843
0,1059.2499425489802,1059.2498454185536,1059.2499577507294,1059.2501164993091,1059.24910514409,1059.249647734076,1059.2497600662496,1059.2499188148315,1059.2499980526911,1059.2505501815351,1059.2504830481425,1059.2509522474577,1059.2499668323705,1059.250061038798,1059.2500206220027,1059.2500523455767,1059.249769105738,1059.2497336774716,1059.2501161112632,1059.2499658167524,1059.2498316027618,1059.249998419102,1059.2501786082835,1059.2500283137708
0,1059.2499520918805,1059.2499649431024,1059.2500215407433,1059.2500249854515,1059.2493479714246,1059.2498223296084,1059.2498789272488,1059.2498823719577,1059.2499624783075,1059.2505162873454,1059.2505096624996,1059.250743762176,1059.249958954831,1059.2500646677126,1059.2500071609174,1059.2500546836795,1059.2497095524734,1059.2496379867487,1059.2501069803536,1059.2498816899715,1059.249794510525,1059.2499978748237,1059.2501919384033,1059.2499666480196
0,1059.2499670700802,1059.249862650642,1059.249971663844,1059.2501139477893,1059.2492995493658,1059.2497050703778,1059.249814083578,1059.2499563675249,1059.2499229723662,1059.2504762026533,1059.2503142965193,1059.2507307570768,1059.2499702715106,1059.2500825336504,1059.25009061391,1059.2500476317473,1059.2497624871098,1059.2498549845814,1059.250176900064,1059.2499863289966,1059.2497780917522,1059.2499210868993,1059.2501925047038,1059.2500019336344
0,1059.2499261797477,1059.2499062268366,1059.249905331259,1059.2500294160861,1059.249341605106,1059.2497682274839,1059.2497673319049,1059.2498914167334,1059.2499251736058,1059.250478389258,1059.2503665427157,1059.2506899984157,1059.2499443680726,1059.250064724042,1059.2499776156037,1059.2500461877853,1059.249791859704,1059.24980363522,1059.2501449333045,1059.2500308867354,1059.2498510957091,1059.2500545629598,1059.2502041693083,1059.250090122738
0,1059.2499490990888,1059.249650656322,1059.2499760147327,1059.250320739678,1059.249172503948,1059.2494673270787,1059.2497926854874,1059.2501374104347,1059.2499965717925,1059.2505488131833,1059.2505252788228,1059.250902557309,1059.2499385858823,1059.2500635174931,1059.2499678559057,1059.2500376506719,1059.2496709235966,1059.2496723525087,1059.250178954086,1059.24993462219,1059.2497592351283,1059.2500464461518,1059.250267265615,1059.2500229337165
0,1059.2499573905354,1059.2496660826596,1059.2499528789212,1059.2502996433016,1059.2493109336208,1059.2495134748842,1059.2498002711438,1059.2501470355262,1059.2499621262486,1059.2505142082912,1059.2504895709408,1059.25075748887,1059.2499652397714,1059.2500952738615,1059.2501026973323,1059.2500557293322,1059.2496868972385,1059.2496801739267,1059.2501762579457,1059.2499615617235,1059.2497421998955,1059.2499144397325,1059.2502315606,1059.2500168643753
0,1059.2500464157035,1059.2497285215525,1059.2498183426676,1059.250219820722,1059.2492978106454,1059.2495517998714,1059.2496416209844,1059.2500430990408,1059.2499972270175,1059.250548552063,1059.2506563396175,1059.2507725283679,1059.249941461782,1059.2500776492586,1059.25011272225,1059.2499373110227,1059.2497398561748,1059.2495462109946,1059.2501194659633,1059.2500854896011,1059.2498264684932,1059.2499131066552,1059.2502060782795,1059.2501721019157
0,1059.2500784324632,1059.2496501637918,1059.24986039725,1059.2503264712166,1059.249419854233,1059.2494946945617,1059.2497049280178,1059.2501710019867,1059.2499493045193,1059.2504995088048,1059.2505376076213,1059.2506374007276,1059.24991817797,1059.2500603939022,1059.250044729301,1059.2498991710488,1059.2497284428225,1059.2496295441706,1059.2501570474335,1059.250070665446,1059.2498080943003,1059.249966953238,1059.2502366989095,1059.2501503169199
0,1059.2501461179684,1059.249640178188,1059.2497993432128,1059.250338989812,1059.2493566593078,1059.2494538122796,1059.2496129773024,1059.2501526239037,1059.2499629332815,1059.2505116980326,1059.2505587261967,1059.2506838744628,1059.2498597023166,1059.2500083073344,1059.2498769737163,1059.2497774709286,1059.2496960185474,1059.2496380557923,1059.250222914122,1059.25014970719,1059.2498129634487,1059.2501334423384,1059.2503398590218,1059.2502666520884
0,1059.2500514575618,1059.2496260948683,1059.2498951990312,1059.250353529742,1059.2494320608275,1059.2494798751347,1059.2497489792959,1059.2502073100081,1059.2498902224936,1059.2504372704173,1059.25028210911,1059.2505752782047,1059.249874771296,1059.2500313153541,1059.2498627333975,1059.2498913981233,1059.2496198169488,1059.2498742983978,1059.2503655051569,1059.2500872743951,1059.2496843003241,1059.2501474543508,1059.2504299885297,1059.2501517577666
0,1059.250165790172,1059.24977227145,1059.2497940136334,1059.2502123749498,1059.2492383682002,1059.249553336822,1059.2495750790029,1059.2499934403218,1059.2499204617332,1059.2504656449253,1059.2502827663513,1059.250728073672,1059.2498541424739,1059.250022509294,1059.2499122110478,1059.2497648589656,1059.2496074130902,1059.2499438451678,1059.2504597032935,1059.2502318678219,1059.2496432058692,1059.2500954658005,1059.2504954960689,1059.2502676605948
0,1059.2501021864086,1059.249834572685,1059.249798970652,1059.250127672652,1059.2491250105522,1059.2496038927584,1059.2495682907218,1059.2498969927253,1059.2499369534728,1059.2504800151544,1059.2502577212206,1059.2508339164615,1059.2499033347508,1059.250085468017,1059.2500973474648,1059.249873337703,1059.2496248754846,1059.2499918361355,1059.250457270598,1059.2502232251252,1059.2496082784407,1059.2499215299122,1059.250440673549,1059.2502066280729
0,1059.2501663748485,1059.2498200962361,1059.2497602583715,1059.2501518801266,1059.2491655997396,1059.2495838452824,1059.2495240074134,1059.2499156291724,1059.24992952471,1059.250470737575,1059.2502636313254,1059.2507842685923,1059.249896741064,1059.2500992789119,1059.2501719566922,1059.2498176233921,1059.2496215812946,1059.2499866315457,1059.250478682158,1059.2502758616063,1059.2495874514461,1059.2498420551697,1059.250444552304,1059.2502417317487
0,1059.2503186366616,1059.2499651094931,1059.2496600217505,1059.2500267387281,1059.2490153518459,1059.249657445684,1059.2493523579376,1059.2497190749193,1059.2499504473726,1059.2504900828683,1059.2502601492165,1059.25089317351,1059.249823805689,1059.2500536950906,1059.250063254898,1059.2496160378935,1059.2496376054098,1059.2500515905865,1059.2505453439633,1059.2504273771015,1059.2496114562693,1059.24994082103,1059.2505191948164,1059.2504012279526
0,1059.250352561589,1059.2499269914788,1059.2496855637482,1059.2500875710882,1059.2491511374355,1059.2496433737103,1059.2494019459762,1059.2498039533198,1059.24989023073,1059.2504286108851,1059.2501027909705,1059.2507319468232,1059.2497885550663,1059.2500669951214,1059.2500393305645,1059.2495824948378,1059.2496066282285,1059.2501735456133,1059.25062720333,1059.2504386333667,1059.249554656115,1059.2499533881885,1059.2505752312104,1059.2503866612446
0,1059.2502968028687,1059.2499486029728,1059.2498473229143,1059.2501064481667,1059.249194450966,1059.24968837299,1059.2495870929286,1059.249846218184,1059.2498392574428,1059.2503781510854,1059.2498876337443,1059.2506815488186,1059.2497257900213,1059.2501196074834,1059.2499418238551,1059.2496534214765,1059.2497235056267,1059.2503450707504,1059.2505244948495,1059.2503042029255,1059.2496492811022,1059.2500306506029,1059.2504502703198,1059.2502299783953
0,1059.2500640088979,1059.2498895545575,1059.2499216697418,1059.2501049751547,1059.249073934316,1059.2496558296548,1059.2496879448356,1059.249871250252,1059.2498786970607,1059.250368313773,1059.2498335713385,1059.2508131109773,1059.249674026689,1059.2503650799424,1059.250149573054,1059.2499528092965,1059.2498206623866,1059.2504028888095,1059.2504052470988,1059.2501885499005,1059.2496908895262,1059.2498531621343,1059.2502754742331,1059.250058777034
0,1059.2499709052552,1059.250009025759,1059.2498404422054,1059.2499189153698,1059.2489161229025,1059.2497600254233,1059.249591441867,1059.2496699150345,1059.2500413156147,1059.250229218258,1059.2497741522197,1059.2509341141752,1059.2497398161063,1059.2503619128622,1059.250222399938,1059.2500439298076,1059.2499339677836,1059.2505108776506,1059.2503655581277,1059.2502732913451,1059.2497693698363,1059.2498136295412,1059.2502009601758,1059.2501086933935
0,1059.2499086552955,1059.2499194879633,1059.2497909670612,1059.2499657779676,1059.2489250054882,1059.2496872797449,1059.249558758839,1059.2497335697487,1059.2501209131067,1059.250181727105,1059.2498555825662,1059.2509367392863,1059.2499064989172,1059.2501729380654,1059.2501342723488,1059.250073696196,1059.2500381510888,1059.250433992795,1059.2502383594783,1059.2502899212163,1059.2499175444214,1059.2499230947421,1059.2501177528072,1059.2501693145468
0,1059.249833060932,1059.2496559390056,1059.2496781695336,1059.2501573675956,1059.248786241933,1059.2494088185654,1059.2494310490852,1059.2499102471554,1059.2502461503248,1059.2500856829802,1059.2498295425723,1059.2510392075244,1059.2501692598573,1059.250139567732,1059.2505805146056,1059.250228006358,1059.2499533120704,1059.2505109247543,1059.250395789344,1059.2504030345808,1059.249717694383,1059.2495128321896,1059.2501601716478,1059.2501674168836
0,1059.2499300029003,1059.2496769090399,1059.2497501601072,1059.250200924058,1059.2488261351957,1059.249416321226,1059.2494895722873,1059.2499403362438,1059.2503585815793,1059.249925730162,1059.249749987759,1059.2509943493644,1059.2497972707433,1059.250460742031,1059.250537565829,1059.2501379201642,1059.2498566571278,1059.2505716836679,1059.2505023740441,1059.2503682721317,1059.2496092187168,1059.2495235177184,1059.2502549356266,1059.2501208337126
0,1059.2501692334838,1059.2496701851967,1059.2499509867785,1059.2503757348159,1059.2487069805272,1059.249324994102,1059.249605795676,1059.2500305437213,1059.2503470073302,1059.2499538826435,1059.249666506218,1059.2511212333116,1059.249710933485,1059.2505414995217,1059.2506809349202,1059.2499799431966,1059.2496652533744,1059.2506557250415,1059.2506783191843,1059.2502437596443,1059.2493442906643,1059.2492961051496,1059.250357356463,1059.2499227969165
0,1059.25000445088,1059.2496253255988,1059.2500015226578,1059.2503769560458,1059.2487387548,1059.249326535288,1059.24970273234,1059.250078165735,1059.25023675475,1059.2500362717924,1059.2496146831475,1059.2511001089138,1059.2495764998382,1059.2507567115047,1059.2507090627025,1059.2501632957533,1059.2495017976855,1059.2506829665463,1059.2508204751412,1059.250160754746,1059.2491729148787,1059.2492897965847,1059.2504915923223,1059.2498318719206
0,1059.2499194016611,1059.2496028994026,1059.2499384326234,1059.2503427980905,1059.2490518825093,1059.2493981059129,1059.2497336391293,1059.2501380046006,1059.2502412370095,1059.2499200210762,1059.2496253768807,1059.2507968017644,1059.2495901522807,1059.2507551135386,1059.2506778373831,1059.2502260800961,1059.2495903772406,1059.2506065680095,1059.2507122544512,1059.2501857320995,1059.2492935798257,1059.2493493139652,1059.2504154570295,1059.2498889346746
