0,0.6598639455782312,0.6598639455782312,0.6598639455782312,0.6598639455782312,0.6598639455782312,0.6598639455782312,0.6598639455782312,0.6598639455782312,0.6598639455782312,0.6598639455782312,0.6598639455782312,0.6598639455782312,0.6598639455782312,0.6598639455782312,0.6598639455782312,0.6598639455782312,0.6598639455782312,0.6598639455782312,0.6598639455782312,0.6598639455782312,0.6598639455782312,0.6598639455782312,0.6598639455782312,0.6598639455782312
0,0.6598639455782312,0.6598639455782312,0.6598639455782312,0.6598639455782312,0.6598639455782312,0.6598639455782312,0.6598639455782312,0.6598639455782312,0.6598639455782312,0.6598639455782312,0.6598639455782312,0.6598639455782312,0.6598639455782312,0.6598639455782312,0.6598639455782312,0.6598639455782312,0.6598639455782312,0.6598639455782312,0.6598639455782312,0.6598639455782312,0.6598639455782312,0.6598639455782312,0.6598639455782312,0.6598639455782312
0,0.6598639455782312,0.6598639455782312,0.6598639455782312,0.6598639455782312,0.6598639455782312,0.6598639455782312,0.6598639455782312,0.6598639455782312,0.6598639455782312,0.6598639455782312,0.6598639455782312,0.6598639455782312,0.6598639455782312,0.6598639455782312,0.6598639455782312,0.6598639455782312,0.6598639455782312,0.6598639455782312,0.6598639455782312,0.6598639455782312,0.6598639455782312,0.6598639455782312,0.6598639455782312,0.6598639455782312
0,0.6598639455782312,0.6598639455782312,0.6598639455782312,0.6598639455782312,0.6598639455782312,0.6598639455782312,0.6598639455782312,0.6598639455782312,0.6598639455782312,0.6598639455782312,0.6598639455782312,0.6598639455782312,0.6598639455782312,0.6598639455782312,0.6598639455782312,0.6598639455782312,0.6598639455782312,0.6598639455782312,0.6598639455782312,0.6598639455782312,0.6598639455782312,0.6598639455782312,0.6598639455782312,0.6598639455782312
0,0.6598639455782312,0.6598639455782312,0.6598639455782312,0.6598639455782312,0.6598639455782312,0.6598639455782312,0.6598639455782312,0.6598639455782312,0.6598639455782312,0.6598639455782312,0.6598639455782312,0.6598639455782312,0.6598639455782312,0.6598639455782312,0.6598639455782312,0.6598639455782312,0.6598639455782312,0.6598639455782312,0.6598639455782312,0.6598639455782312,0.6598639455782312,0.6598639455782312,0.6598639455782312,0.6598639455782312
0,0.6598639455782312,0.6598639455782312,0.6598639455782312,0.6598639455782312,0.6598639455782312,0.6598639455782312,0.6598639455782312,0.6598639455782312,0.6598639455782312,0.6598639455782312,0.6598639455782312,0.6598639455782312,0.6598639455782312,0.6598639455782312,0.6598639455782312,0.6598639455782312,0.6598639455782312,0.6598639455782312,0.6598639455782312,0.6598639455782312,0.6598639455782312,0.6598639455782312,0.6598639455782312,0.6598639455782312
0,0.6598639455782312,0.6598639455782312,0.6598639455782312,0.6598639455782312,0.6598639455782312,0.6598639455782312,0.6598639455782312,0.6598639455782312,0.6598639455782312,0.6598639455782312,0.6598639455782312,0.6598639455782312,0.6598639455782312,0.6598639455782312,0.6598639455782312,0.6598639455782312,0.6598639455782312,0.6598639455782312,0.6598639455782312,0.6598639455782312,0.6598639455782312,0.6598639455782312,0.6598639455782312,0.6598639455782312
0,0.689741223122415,0.6897412231224147,0.689741223122415,0.6897412231224151,0.689741223122415,0.6897412231224147,0.689741223122415,0.6897412231224151,0.6897412231224151,0.6897412231224147,0.6897412231224151,0.689741223122415,0.6897412231224151,0.6897412231224147,0.6897412231224151,0.689741223122415,0.689741223122415,0.689741223122415,0.689741223122415,0.689741223122415,0.689741223122415,0.689741223122415,0.689741223122415,0.689741223122415
0,0.7196185006665984,0.7196185006665984,0.7196185006665984,0.7196185006665985,0.7196185006665984,0.7196185006665984,0.7196185006665984,0.7196185006665985,0.7196185006665993,0.7196185006665984,0.7196185006665985,0.7196185006665985,0.719618500666599,0.7196185006665984,0.7196185006665985,0.7196185006665985,0.7196185006665984,0.719618500666598,0.7196185006665984,0.7196185006665985,0.7196185006665984,0.719618500666598,0.7196185006665984,0.7196185006665985
0,0.7494957782107817,0.7494957782107817,0.7494957782107817,0.749495778210782,0.7494957782107817,0.7494957782107817,0.7494957782107817,0.749495778210782,0.7494957782107827,0.7494957782107815,0.7494957782107824,0.749495778210782,0.7494957782107828,0.7494957782107815,0.7494957782107824,0.749495778210782,0.7494957782107817,0.7494957782107815,0.749495778210782,0.749495778210782,0.7494957782107817,0.7494957782107817,0.749495778210782,0.749495778210782
0,0.7793730557549652,0.7793730557549652,0.7793730557549652,0.7793730557549655,0.7793730557549652,0.7793730557549652,0.7793730557549652,0.7793730557549655,0.7793730557549664,0.7793730557549652,0.7793730557549661,0.7793730557549657,0.7793730557549667,0.7793730557549648,0.7793730557549661,0.7793730557549657,0.7793730557549652,0.7793730557549652,0.7793730557549657,0.7793730557549657,0.7793730557549652,0.7793730557549652,0.7793730557549657,0.7793730557549657
0,0.8085034013605442,0.8085034013605442,0.8085034013605435,0.8085034013605445,0.8085034013605442,0.8085034013605442,0.8085034013605435,0.8085034013605445,0.8085034013605454,0.8085034013605435,0.8085034013605451,0.8085034013605451,0.8085034013605451,0.8085034013605435,0.8085034013605451,0.8085034013605445,0.8085034013605442,0.8085034013605442,0.8085034013605451,0.8085034013605451,0.8085034013605442,0.8085034013605442,0.8085034013605451,0.8085034013605451
0,0.8085034013605442,0.8085034013605442,0.8085034013605435,0.8085034013605445,0.8085034013605442,0.8085034013605442,0.8085034013605435,0.8085034013605445,0.8085034013605454,0.8085034013605435,0.8085034013605451,0.8085034013605451,0.8085034013605451,0.8085034013605435,0.8085034013605451,0.8085034013605445,0.8085034013605442,0.8085034013605442,0.8085034013605451,0.8085034013605451,0.8085034013605442,0.8085034013605442,0.8085034013605451,0.8085034013605451
0,0.8085034013605442,0.8085034013605442,0.8085034013605435,0.8085034013605445,0.8085034013605442,0.8085034013605442,0.8085034013605435,0.8085034013605445,0.8085034013605454,0.8085034013605435,0.8085034013605451,0.8085034013605451,0.8085034013605451,0.8085034013605435,0.8085034013605451,0.8085034013605445,0.8085034013605442,0.8085034013605442,0.8085034013605451,0.8085034013605451,0.8085034013605442,0.8085034013605442,0.8085034013605451,0.8085034013605451
0,0.8085034013605442,0.8085034013605442,0.8085034013605435,0.8085034013605445,0.8085034013605442,0.8085034013605442,0.8085034013605435,0.8085034013605445,0.8085034013605454,0.8085034013605435,0.8085034013605451,0.8085034013605451,0.8085034013605451,0.8085034013605435,0.8085034013605451,0.8085034013605445,0.8085034013605442,0.8085034013605442,0.8085034013605451,0.8085034013605451,0.8085034013605442,0.8085034013605442,0.8085034013605451,0.8085034013605451
0,0.8085034013605442,0.8085034013605442,0.8085034013605435,0.8085034013605445,0.8085034013605442,0.8085034013605442,0.8085034013605435,0.8085034013605445,0.8085034013605454,0.8085034013605435,0.8085034013605451,0.8085034013605451,0.8085034013605451,0.8085034013605435,0.8085034013605451,0.8085034013605445,0.8085034013605442,0.8085034013605442,0.8085034013605451,0.8085034013605451,0.8085034013605442,0.8085034013605442,0.8085034013605451,0.8085034013605451
0,0.8085034013605442,0.8085034013605442,0.8085034013605435,0.8085034013605445,0.8085034013605442,0.8085034013605442,0.8085034013605435,0.8085034013605445,0.8085034013605454,0.8085034013605435,0.8085034013605451,0.8085034013605451,0.8085034013605451,0.8085034013605435,0.8085034013605451,0.8085034013605445,0.8085034013605442,0.8085034013605442,0.8085034013605451,0.8085034013605451,0.8085034013605442,0.8085034013605442,0.8085034013605451,0.8085034013605451
0,0.8085034013605442,0.8085034013605442,0.8085034013605435,0.8085034013605445,0.8085034013605442,0.8085034013605442,0.8085034013605435,0.8085034013605445,0.8085034013605454,0.8085034013605435,0.8085034013605451,0.8085034013605451,0.8085034013605451,0.8085034013605435,0.8085034013605451,0.8085034013605445,0.8085034013605442,0.8085034013605442,0.8085034013605451,0.8085034013605451,0.8085034013605442,0.8085034013605442,0.8085034013605451,0.8085034013605451
0,0.8085034013605442,0.8085034013605442,0.8085034013605435,0.8085034013605445,0.8085034013605442,0.8085034013605442,0.8085034013605435,0.8085034013605445,0.8085034013605454,0.8085034013605435,0.8085034013605451,0.8085034013605451,0.8085034013605451,0.8085034013605435,0.8085034013605451,0.8085034013605445,0.8085034013605442,0.8085034013605442,0.8085034013605451,0.8085034013605451,0.8085034013605442,0.8085034013605442,0.8085034013605451,0.8085034013605451
0,0.8085034013605442,0.8085034013605442,0.8085034013605435,0.8085034013605445,0.8085034013605442,0.8085034013605442,0.8085034013605435,0.8085034013605445,0.8085034013605454,0.8085034013605435,0.8085034013605451,0.8085034013605451,0.8085034013605451,0.8085034013605435,0.8085034013605451,0.8085034013605445,0.8085034013605442,0.8085034013605442,0.8085034013605451,0.8085034013605451,0.8085034013605442,0.8085034013605442,0.8085034013605451,0.8085034013605451
0,0.8085034013605442,0.8085034013605442,0.8085034013605435,0.8085034013605445,0.8085034013605442,0.8085034013605442,0.8085034013605435,0.8085034013605445,0.8085034013605454,0.8085034013605435,0.8085034013605451,0.8085034013605451,0.8085034013605451,0.8085034013605435,0.8085034013605451,0.8085034013605445,0.8085034013605442,0.8085034013605442,0.8085034013605451,0.8085034013605451,0.8085034013605442,0.8085034013605442,0.8085034013605451,0.8085034013605451
0,0.8085034013605442,0.8085034013605442,0.8085034013605435,0.8085034013605445,0.8085034013605442,0.8085034013605442,0.8085034013605435,0.8085034013605445,0.8085034013605454,0.8085034013605435,0.8085034013605451,0.8085034013605451,0.8085034013605451,0.8085034013605435,0.8085034013605451,0.8085034013605445,0.8085034013605442,0.8085034013605442,0.8085034013605451,0.8085034013605451,0.8085034013605442,0.8085034013605442,0.8085034013605451,0.8085034013605451
0,0.8085034013605442,0.8085034013605442,0.8085034013605435,0.8085034013605445,0.8085034013605442,0.8085034013605442,0.8085034013605435,0.8085034013605445,0.8085034013605454,0.8085034013605435,0.8085034013605451,0.8085034013605451,0.8085034013605451,0.8085034013605435,0.8085034013605451,0.8085034013605445,0.8085034013605442,0.8085034013605442,0.8085034013605451,0.8085034013605451,0.8085034013605442,0.8085034013605442,0.8085034013605451,0.8085034013605451
0,0.8085034013605442,0.8085034013605442,0.8085034013605435,0.8085034013605445,0.8085034013605442,0.8085034013605442,0.8085034013605435,0.8085034013605445,0.8085034013605454,0.8085034013605435,0.8085034013605451,0.8085034013605451,0.8085034013605451,0.8085034013605435,0.8085034013605451,0.8085034013605445,0.8085034013605442,0.8085034013605442,0.8085034013605451,0.8085034013605451,0.8085034013605442,0.8085034013605442,0.8085034013605451,0.8085034013605451
0,0.8085034013605442,0.8085034013605442,0.8085034013605435,0.8085034013605445,0.8085034013605442,0.8085034013605442,0.8085034013605435,0.8085034013605445,0.8085034013605454,0.8085034013605435,0.8085034013605451,0.8085034013605451,0.8085034013605451,0.8085034013605435,0.8085034013605451,0.8085034013605445,0.8085034013605442,0.8085034013605442,0.8085034013605451,0.8085034013605451,0.8085034013605442,0.8085034013605442,0.8085034013605451,0.8085034013605451
0,0.8085034013605442,0.8085034013605442,0.8085034013605435,0.8085034013605445,0.8085034013605442,0.8085034013605442,0.8085034013605435,0.8085034013605445,0.8085034013605454,0.8085034013605435,0.8085034013605451,0.8085034013605451,0.8085034013605451,0.8085034013605435,0.8085034013605451,0.8085034013605445,0.8085034013605442,0.8085034013605442,0.8085034013605451,0.8085034013605451,0.8085034013605442,0.8085034013605442,0.8085034013605451,0.8085034013605451
0,0.8085034013605442,0.8085034013605442,0.8085034013605435,0.8085034013605445,0.8085034013605442,0.8085034013605442,0.8085034013605435,0.8085034013605445,0.8085034013605454,0.8085034013605435,0.8085034013605451,0.8085034013605451,0.8085034013605451,0.8085034013605435,0.8085034013605451,0.8085034013605445,0.8085034013605442,0.8085034013605442,0.8085034013605451,0.8085034013605451,0.8085034013605442,0.8085034013605442,0.8085034013605451,0.8085034013605451
0,0.8085034013605442,0.8085034013605442,0.8085034013605435,0.8085034013605445,0.8085034013605442,0.8085034013605442,0.8085034013605435,0.8085034013605445,0.8085034013605454,0.8085034013605435,0.8085034013605451,0.8085034013605451,0.8085034013605451,0.8085034013605435,0.8085034013605451,0.8085034013605445,0.8085034013605442,0.8085034013605442,0.8085034013605451,0.8085034013605451,0.8085034013605442,0.8085034013605442,0.8085034013605451,0.8085034013605451
0,0.8085034013605442,0.8085034013605442,0.8085034013605435,0.8085034013605445,0.8085034013605442,0.8085034013605442,0.8085034013605435,0.8085034013605445,0.8085034013605454,0.8085034013605435,0.8085034013605451,0.8085034013605451,0.8085034013605451,0.8085034013605435,0.8085034013605451,0.8085034013605445,0.8085034013605442,0.8085034013605442,0.8085034013605451,0.8085034013605451,0.8085034013605442,0.8085034013605442,0.8085034013605451,0.8085034013605451
0,0.8085034013605442,0.8085034013605442,0.8085034013605435,0.8085034013605445,0.8085034013605442,0.8085034013605442,0.8085034013605435,0.8085034013605445,0.8085034013605454,0.8085034013605435,0.8085034013605451,0.8085034013605451,0.8085034013605451,0.8085034013605435,0.8085034013605451,0.8085034013605445,0.8085034013605442,0.8085034013605442,0.8085034013605451,0.8085034013605451,0.8085034013605442,0.8085034013605442,0.8085034013605451,0.8085034013605451
0,0.8085034013605442,0.8085034013605442,0.8085034013605435,0.8085034013605445,0.8085034013605442,0.8085034013605442,0.8085034013605435,0.8085034013605445,0.8085034013605454,0.8085034013605435,0.8085034013605451,0.8085034013605451,0.8085034013605451,0.8085034013605435,0.8085034013605451,0.8085034013605445,0.8085034013605442,0.8085034013605442,0.8085034013605451,0.8085034013605451,0.8085034013605442,0.8085034013605442,0.8085034013605451,0.8085034013605451
0,0.8085034013605442,0.8085034013605442,0.8085034013605435,0.8085034013605445,0.8085034013605442,0.8085034013605442,0.8085034013605435,0.8085034013605445,0.8085034013605454,0.8085034013605435,0.8085034013605451,0.8085034013605451,0.8085034013605451,0.8085034013605435,0.8085034013605451,0.8085034013605445,0.8085034013605442,0.8085034013605442,0.8085034013605451,0.8085034013605451,0.8085034013605442,0.8085034013605442,0.8085034013605451,0.8085034013605451
0,0.8085034013605442,0.8085034013605442,0.8085034013605435,0.8085034013605445,0.8085034013605442,0.8085034013605442,0.8085034013605435,0.8085034013605445,0.8085034013605454,0.8085034013605435,0.8085034013605451,0.8085034013605451,0.8085034013605451,0.8085034013605435,0.8085034013605451,0.8085034013605445,0.8085034013605442,0.8085034013605442,0.8085034013605451,0.8085034013605451,0.8085034013605442,0.8085034013605442,0.8085034013605451,0.8085034013605451
0,0.8085034013605442,0.8085034013605442,0.8085034013605435,0.8085034013605445,0.8085034013605442,0.8085034013605442,0.8085034013605435,0.8085034013605445,0.8085034013605454,0.8085034013605435,0.8085034013605451,0.8085034013605451,0.8085034013605451,0.8085034013605435,0.8085034013605451,0.8085034013605445,0.8085034013605442,0.8085034013605442,0.8085034013605451,0.8085034013605451,0.8085034013605442,0.8085034013605442,0.8085034013605451,0.8085034013605451
0,0.8085034013605442,0.8085034013605442,0.8085034013605435,0.8085034013605445,0.8085034013605442,0.8085034013605442,0.8085034013605435,0.8085034013605445,0.8085034013605454,0.8085034013605435,0.8085034013605451,0.8085034013605451,0.8085034013605451,0.8085034013605435,0.8085034013605451,0.8085034013605445,0.8085034013605442,0.8085034013605442,0.8085034013605451,0.8085034013605451,0.8085034013605442,0.8085034013605442,0.8085034013605451,0.8085034013605451
0,0.8085034013605442,0.8085034013605442,0.8085034013605435,0.8085034013605445,0.8085034013605442,0.8085034013605442,0.8085034013605435,0.8085034013605445,0.8085034013605454,0.8085034013605435,0.8085034013605451,0.8085034013605451,0.8085034013605451,0.8085034013605435,0.8085034013605451,0.8085034013605445,0.8085034013605442,0.8085034013605442,0.8085034013605451,0.8085034013605451,0.8085034013605442,0.8085034013605442,0.8085034013605451,0.8085034013605451
0,0.8085034013605442,0.8085034013605442,0.8085034013605435,0.8085034013605445,0.8085034013605442,0.8085034013605442,0.8085034013605435,0.8085034013605445,0.8085034013605454,0.8085034013605435,0.8085034013605451,0.8085034013605451,0.8085034013605451,0.8085034013605435,0.8085034013605451,0.8085034013605445,0.8085034013605442,0.8085034013605442,0.8085034013605451,0.8085034013605451,0.8085034013605442,0.8085034013605442,0.8085034013605451,0.8085034013605451
0,0.8085034013605442,0.8085034013605445,0.8085034013605423,0.8085034013605433,0.8085034013605435,0.8085034013605445,0.8085034013605423,0.8085034013605433,0.8085034013605281,0.8085034013605596,0.8085034013605427,0.8085034013605435,0.8085034013605489,0.8085034013605406,0.8085034013605451,0.8085034013605442,0.8085034013605628,0.808503401360547,0.8085034013605281,0.808503401360547,0.8085034013605622,0.8085034013605442,0.8085034013605276,0.8085034013605461
0,0.8085034013642128,0.8085034013564713,0.8085034013655941,0.8085034013679473,0.8085034013617232,0.8085034013558835,0.8085034013650063,0.8085034013673599,0.8085034013674143,0.8085034013559649,0.8085034013654969,0.8085034013615877,0.808503401354351,0.8085034013658282,0.8085034013606213,0.8085034013580861,0.808503401352605,0.8085034013545146,0.808503401364039,0.8085034013549373,0.8085034013536172,0.8085034013588026,0.8085034013650508,0.8085034013559494
0,0.8085034013588035,0.8085034013628872,0.8085034013574689,0.8085034013563618,0.8085034013598444,0.8085034013631331,0.8085034013577146,0.8085034013566077,0.8085034013565706,0.8085034013631331,0.8085034013575852,0.8085034013598779,0.8085034013633172,0.8085034013564494,0.8085034013569239,0.8085034013607042,0.8085034013654515,0.8085034013641775,0.8085034013583707,0.8085034013640665,0.8085034013656656,0.8085034013650853,0.8085034013585848,0.8085034013642809
0,0.8085034013668813,0.8085034013576311,0.8085034013647675,0.8085034013674917,0.8085034013614676,0.8085034013563531,0.808503401363489,0.8085034013662133,0.8085034013662656,0.808503401356544,0.8085034013643737,0.8085034013612201,0.8085034013554241,0.8085034013644655,0.8085034013623249,0.8085034013556246,0.8085034013549109,0.8085034013559763,0.8085034013629795,0.8085034013567391,0.8085034013550928,0.8085034013567466,0.8085034013631613,0.8085034013569211
0,0.8085034013594129,0.8085034013615112,0.8085034013584014,0.8085034013583268,0.8085034013599948,0.8085034013616486,0.8085034013585387,0.8085034013584641,0.8085034013582937,0.8085034013617294,0.8085034013582256,0.808503401360073,0.8085034013622351,0.8085034013576478,0.8085034013574844,0.8085034013604477,0.8085034013647415,0.8085034013633516,0.8085034013583893,0.8085034013630827,0.8085034013649485,0.8085034013642295,0.8085034013585966,0.80850340136329
0,0.80850340136403,0.8085034013585202,0.8085034013623623,0.8085034013645942,0.8085034013608672,0.8085034013577737,0.8085034013616152,0.8085034013638478,0.8085034013636646,0.8085034013580162,0.8085034013618556,0.8085034013607839,0.808503401357864,0.8085034013619382,0.8085034013602915,0.8085034013574284,0.8085034013592591,0.8085034013589671,0.8085034013607048,0.8085034013591772,0.8085034013594525,0.8085034013597842,0.8085034013608975,0.8085034013593703
0,0.8085034013672726,0.808503401356433,0.8085034013651112,0.80850340136897,0.8085034013614686,0.8085034013550632,0.8085034013637413,0.8085034013675999,0.8085034013673914,0.8085034013554319,0.8085034013643561,0.8085034013612746,0.8085034013548342,0.8085034013648847,0.8085034013622148,0.8085034013552886,0.8085034013555207,0.8085034013559457,0.8085034013622593,0.8085034013564802,0.8085034013557029,0.8085034013567166,0.8085034013624411,0.8085034013566622
0,0.808503401362224,0.8085034013592056,0.8085034013606819,0.8085034013625773,0.8085034013604477,0.8085034013587865,0.8085034013602627,0.8085034013621575,0.8085034013617964,0.8085034013590859,0.8085034013600827,0.8085034013604653,0.808503401359579,0.8085034013600734,0.8085034013588341,0.8085034013584935,0.8085034013623613,0.8085034013610788,0.8085034013590782,0.8085034013609294,0.8085034013625572,0.8085034013619076,0.808503401359274,0.8085034013611252
0,0.8085034013830035,0.8085034013470398,0.8085034013785642,0.8085034013895107,0.8085034013644823,0.8085034013426674,0.8085034013741919,0.8085034013851387,0.8085034013850635,0.8085034013434838,0.8085034013769207,0.808503401363694,0.8085034013401855,0.8085034013793568,0.808503401371997,0.808503401345043,0.8085034013361463,0.8085034013408098,0.808503401370767,0.8085034013431676,0.8085034013362765,0.8085034013413613,0.8085034013708969,0.8085034013432979
0,0.8085034009256217,0.8085034016111285,0.8085034009822807,0.8085034007993507,0.8085034012746323,0.8085034016935189,0.8085034010646708,0.808503400881741,0.8085034008736499,0.80850340168411,0.8085034010016112,0.808503401291877,0.8085034017680616,0.8085034009514891,0.808503401077669,0.8085034016393932,0.8085034019246057,0.8085034017923918,0.808503401105641,0.8085034017380823,0.8085034019261005,0.8085034017987245,0.8085034011071358,0.808503401739577
0,0.8085034015595847,0.8085034012379666,0.808503401524123,0.8085034016216305,0.808503401396697,0.8085034011995141,0.8085034014856709,0.808503401583178,0.8085034015823109,0.8085034012068046,0.8085034015099786,0.8085034013892066,0.8085034011788655,0.8085034015343325,0.8085034014736177,0.808503401226813,0.8085034011374087,0.808503401180309,0.8085034014540505,0.808503401201405,0.8085034011369147,0.8085034011782174,0.8085034014535567,0.8085034012009112
0,0.8085034013277728,0.8085034013600048,0.808503401311321,0.808503401329765,0.8085034013466732,0.8085034013644667,0.8085034013157831,0.8085034013342264,0.8085034013221932,0.8085034013716809,0.8085034013002301,0.8085034013496105,0.8085034014018492,0.8085034013009061,0.8085034013046007,0.8085034013684896,0.8085034014824641,0.8085034014320565,0.8085034012882344,0.8085034014189134,0.8085034014824861,0.8085034014321477,0.808503401288256,0.8085034014189347
0,0.8085034014281159,0.8085034012926748,0.8085034013883936,0.8085034014648614,0.8085034013629302,0.8085034012772865,0.8085034013730052,0.8085034014494733,0.8085034014344372,0.8085034012901496,0.8085034013675043,0.8085034013627431,0.8085034013116366,0.8085034013830997,0.8085034013540775,0.8085034012980201,0.808503401388875,0.8085034013507492,0.8085034013230445,0.8085034013463345,0.8085034013884119,0.8085034013487876,0.8085034013225815,0.8085034013458714
0,0.8085034014803856,0.8085034012570554,0.8085034014281154,0.8085034015356185,0.8085034013711584,0.8085034012312707,0.8085034014023299,0.8085034015098331,0.8085034014923359,0.8085034012476138,0.8085034014010987,0.8085034013693685,0.8085034012659778,0.8085034014237825,0.8085034013782385,0.8085034012608314,0.8085034013440486,0.8085034013099828,0.8085034013381641,0.8085034013093282,0.8085034013433582,0.8085034013070572,0.8085034013374737,0.8085034013086377
0,0.8085034021310987,0.8085034008774976,0.8085034019880535,0.8085034023776033,0.8085034014975759,0.8085034007279434,0.8085034018384991,0.8085034022280491,0.8085034022193727,0.8085034007605478,0.8085034019283377,0.8085034014703806,0.8085034006599413,0.8085034020261941,0.8085034017900605,0.8085034008395201,0.8085034005232913,0.8085034006752994,0.8085034017040622,0.8085034007531741,0.8085034005206286,0.8085034006640219,0.8085034017013999,0.8085034007505117
0,0.8085034029125273,0.8085034004133853,0.8085034026521702,0.8085034033938651,0.8085034016461119,0.8085034001144251,0.8085034023532097,0.8085034030949051,0.8085034030921581,0.8085034001702266,0.8085034025484733,0.8085034015897459,0.8085033999352469,0.8085034027396021,0.808503402271509,0.808503400328523,0.8085033995684329,0.8085033999284947,0.808503402123119,0.808503400097231,0.8085033995632404,0.8085033999064989,0.8085034021179266,0.8085034000920386
0,0.8085034045722957,0.8085033994367454,0.8085034040721628,0.8085034055468694,0.8085034019650655,0.8085033988212619,0.8085034034566793,0.8085034049313863,0.8085034049464241,0.8085033989225704,0.80850340388059,0.8085034018457556,0.8085033983918775,0.8085034042669599,0.8085034033091824,0.8085033992489304,0.8085033975048668,0.8085033983247196,0.8085034030367568,0.8085033986904565,0.8085033974944617,0.8085033982806434,0.8085034030263522,0.8085033986800514
0,0.8085034047969926,0.8085033992703342,0.8085034042304368,0.808503405859562,0.8085034019946733,0.8085033986087963,0.8085034035688985,0.8085034051980244,0.8085034051945436,0.8085033987321463,0.8085034040053108,0.8085034018720815,0.8085033981990849,0.8085034044278909,0.808503403393254,0.8085033990814433,0.8085033973583453,0.808503398172912,0.8085034030714111,0.8085033985493898,0.8085033973466641,0.8085033981234311,0.80850340305973,0.808503398537709
0,0.8085034089367904,0.8085033968807974,0.808503407819599,0.8085034112012994,0.8085034028079036,0.8085033954339633,0.8085034063727649,0.8085034097544657,0.8085034098204192,0.8085033956519111,0.8085034074014563,0.808503402522476,0.8085033943317232,0.8085034082944993,0.8085034060553562,0.808503396417369,0.8085033920375974,0.8085033940859623,0.8085034054649101,0.808503394972703,0.8085033920138172,0.8085033939852286,0.8085034054411302,0.808503394948923
0,0.8085034045069214,0.8085033993587585,0.8085034039015211,0.8085034055347063,0.8085034019056873,0.8085033987446902,0.8085034032874528,0.8085034049206384,0.8085034048609635,0.8085033989004059,0.8085034036369163,0.8085034018076614,0.8085033985109098,0.8085034040464175,0.8085034030738819,0.8085033992184745,0.8085033980441052,0.8085033986120531,0.8085034026924639,0.8085033989134959,0.8085033980320581,0.8085033985610193,0.8085034026804162,0.8085033989014487
0,0.8085034043616398,0.8085033993300311,0.8085034036585698,0.8085034054151421,0.8085034018352163,0.8085033987336231,0.8085034030621624,0.8085034048187345,0.8085034046964826,0.8085033989294101,0.808503403335988,0.808503401753909,0.808503398693792,0.8085034037666755,0.8085034027975923,0.80850339924118,0.8085033986609081,0.8085033989694662,0.8085034023241074,0.8085033992065248,0.8085033986472134,0.8085033989114544,0.8085034023104131,0.8085033991928298
0,0.808503404296781,0.8085033993237513,0.8085034035299341,0.8085034053475137,0.8085034018000371,0.8085033987343495,0.8085034029405329,0.808503404758112,0.8085034046219872,0.8085033989291691,0.8085034031724618,0.8085034017217723,0.8085033987751599,0.8085034036275656,0.8085034026473883,0.8085033992402135,0.8085033989941831,0.8085033991629406,0.8085034021254651,0.8085033993655221,0.808503398978997,0.8085033990986124,0.808503402110279,0.8085033993503363
0,0.8085034042384104,0.8085033993064021,0.808503403446092,0.8085034053105419,0.8085034017708275,0.8085033987238851,0.8085034028635748,0.8085034047280247,0.8085034045576223,0.808503398951028,0.8085034030734989,0.8085034017094523,0.8085033988240847,0.8085034035504717,0.8085034025565159,0.8085033992573396,0.8085033992036871,0.80850339928218,0.8085034019990194,0.8085033994637336,0.8085033991882168,0.8085033992166456,0.8085034019835488,0.8085033994482629
0,0.8085034042200738,0.8085033993095808,0.8085034033954337,0.80850340528101,0.8085034017590307,0.8085033987286077,0.8085034028144605,0.8085034047000361,0.8085034045344759,0.8085033989417162,0.808503403004588,0.8085034016933871,0.808503398847443,0.8085034034991616,0.808503402492153,0.8085033992485237,0.8085033993450823,0.8085033993627231,0.8085034019133481,0.8085033995290765,0.8085033993289026,0.8085033992941852,0.8085034018971684,0.8085033995128974
0,0.8085034041868269,0.8085033992844676,0.8085034033590428,0.8085034052795235,0.8085034017436008,0.8085033987077004,0.8085034027822753,0.808503404702756,0.8085034045009913,0.8085033989595423,0.8085034029650859,0.8085034016918942,0.8085033988619711,0.8085034034762353,0.8085034024544182,0.8085033992642722,0.8085033994387225,0.8085033994113189,0.8085034018535537,0.8085033995690911,0.8085033994231184,0.8085033993452196,0.80850340183795,0.8085033995534872
0,0.8085034041982503,0.8085033993227471,0.8085034033474161,0.8085034052411666,0.808503401737487,0.8085033987418399,0.8085034027665086,0.8085034046602587,0.8085034045063361,0.8085033989434247,0.8085034029403341,0.808503401688443,0.8085033988569668,0.8085034034639094,0.8085034024291736,0.8085033992441438,0.8085033994946978,0.8085033994402497,0.808503401816709,0.8085033995902443,0.8085033994782329,0.808503399370503,0.8085034018002437,0.808503399573779
0,0.8085034041176069,0.8085033992776699,0.8085034033347905,0.8085034052506179,0.8085034017387529,0.8085033987160987,0.8085034027732193,0.808503404689047,0.808503404429618,0.8085033990168438,0.8085034029330881,0.8085034016870504,0.8085033989437442,0.8085034034136837,0.8085034024437607,0.808503399325251,0.808503399511643,0.8085033994459722,0.8085034018000167,0.8085033995851834,0.8085033994945887,0.8085033993737283,0.8085034017829618,0.8085033995681288
0,0.8085034041546184,0.8085033993793167,0.8085034032554198,0.8085034051327916,0.8085034016821567,0.8085033987956473,0.808503402671751,0.8085034045491228,0.808503404474822,0.8085033990015318,0.8085034029699935,0.8085034017284052,0.8085033989056244,0.8085034034218026,0.8085034024253185,0.8085033992651486,0.8085033994833097,0.8085033994392543,0.8085034018588322,0.8085033996717054,0.8085033994741047,0.8085033994002605,0.8085034018496274,0.8085033996625
0,0.808503404030222,0.8085033993870233,0.8085034033010128,0.8085034050949842,0.8085034017605041,0.8085033988512158,0.8085034027652049,0.8085034045591768,0.8085034042865062,0.8085033991183947,0.8085034028641899,0.8085034016471421,0.8085033990601642,0.8085034033597822,0.8085034025119326,0.808503399420755,0.8085033995083075,0.8085033995122475,0.8085034018396651,0.8085033996139778,0.808503399464977,0.8085033993286965,0.8085034017963351,0.8085033995706475
0,0.808503403664607,0.8085034000531762,0.8085034034738288,0.8085034043551889,0.8085034019038568,0.8085033996375195,0.808503403058172,0.8085034039395321,0.8085034038545114,0.808503399657812,0.8085034031517374,0.808503401640831,0.8085033992955053,0.8085034034828464,0.8085034029422533,0.8085033999287512,0.8085033984888679,0.8085033991413697,0.8085034025850232,0.8085033992672994,0.8085033984401969,0.8085033989351972,0.8085034025363522,0.8085033992186285
0,0.8085033985939845,0.8085034050456988,0.8085034064290834,0.8085033985546677,0.8085034083945283,0.8085034073592935,0.8085034087426779,0.8085034008682622,0.8085033981032251,0.8085034052646987,0.8085034070113134,0.8085033974032112,0.8085034017340947,0.8085034060929764,0.8085034089689893,0.8085034071197341,0.8085033910751717,0.8085033929565422,0.8085034054926153,0.8085033936549932,0.8085033911591926,0.8085033933124606,0.8085034055766359,0.8085033937390145
0,0.8085034025517364,0.8085034010189129,0.8085034039455311,0.8085034031445478,0.8085034033996864,0.8085034012190866,0.808503404145705,0.8085034033447217,0.8085034026790282,0.8085034006828055,0.8085034038354464,0.8085034005631345,0.8085033997597021,0.8085034040179319,0.8085034040683494,0.8085034014188109,0.8085033974926089,0.8085033979642828,0.8085034027450151,0.8085033982550115,0.8085033974848829,0.8085033979315537,0.8085034027372887,0.8085033982472853
0,0.8085034024802111,0.8085034011744393,0.8085034037891277,0.8085034029019604,0.808503403369507,0.8085034013843733,0.8085034039990616,0.8085034031118947,0.8085034026560458,0.8085034006340535,0.8085034036871006,0.8085034005236766,0.8085033997736365,0.8085034039754083,0.8085034039798017,0.8085034014325109,0.8085033977800556,0.8085033981463983,0.8085034025968433,0.808503398437522,0.8085033977605173,0.8085033980636315,0.8085034025773046,0.8085033984179834
0,0.8085034024324533,0.8085034012874421,0.8085034037166301,0.8085034027430245,0.8085034033713637,0.8085034015090888,0.8085034039382771,0.808503402964671,0.8085034026154623,0.8085034006386811,0.8085034036240559,0.8085034004925881,0.8085033997824502,0.8085034039663866,0.8085034039545701,0.8085034014571985,0.8085033979013279,0.808503398220697,0.8085034025340352,0.8085033985162842,0.8085033978756277,0.8085033981118298,0.8085034025083349,0.8085033984905838
0,0.8085034023874498,0.8085034013808333,0.8085034036721549,0.8085034026154548,0.8085034033753342,0.8085034016140414,0.808503403905363,0.8085034028486628,0.8085034025864345,0.8085034006440558,0.808503403583456,0.8085034004712632,0.8085033997937593,0.8085034039652839,0.8085034039482717,0.8085034014902156,0.8085033979711387,0.8085033982668249,0.808503402498933,0.8085033985610248,0.8085033979400704,0.8085033981352174,0.8085034024678651,0.808503398529957
0,0.8085034023517097,0.8085034014561278,0.8085034036431272,0.8085034025154219,0.8085034033836724,0.8085034016997409,0.8085034038867404,0.8085034027590352,0.8085034025597795,0.808503400653202,0.808503403556675,0.8085034004522065,0.8085033998022754,0.8085034039683625,0.8085034039494599,0.8085034015193837,0.808503398017857,0.8085033982955703,0.8085034024736519,0.8085033985884019,0.8085033979826419,0.8085033981463989,0.8085034024384374,0.8085033985531874
0,0.8085034023261649,0.8085034015196256,0.8085034036270078,0.8085034024360096,0.808503403391173,0.80850340177104,0.8085034038784218,0.8085034026874237,0.8085034025395716,0.8085034006605696,0.8085034035371349,0.8085034004381291,0.8085033998223715,0.8085034039483647,0.8085034039320818,0.8085034015370205,0.8085033980514672,0.8085033983152667,0.8085034024531944,0.8085033986031407,0.8085033980175839,0.8085033981717339,0.8085034024193108,0.8085033985692567
0,0.8085034023033054,0.8085034015717623,0.8085034036137484,0.8085034023700769,0.8085034033974133,0.8085034018300461,0.8085034038720321,0.8085034026283603,0.8085034025255522,0.8085034006655443,0.8085034035242467,0.8085034004273377,0.8085033998206893,0.8085034039636758,0.8085034039449867,0.8085034015597968,0.8085033980769305,0.8085033983281831,0.8085034024368328,0.8085033986140524,0.8085033980385795,0.8085033981657272,0.8085034023984825,0.8085033985757021
0,0.8085034022679384,0.8085034016122967,0.8085034036074561,0.80850340231363,0.8085034034007849,0.8085034018797252,0.8085034038748847,0.8085034025810586,0.8085034025176461,0.8085034006679136,0.808503403514702,0.8085034004223868,0.8085033998749437,0.8085034038999994,0.8085034038976187,0.8085034015824962,0.8085033980937144,0.808503398336539,0.8085034024232086,0.8085033986139686,0.8085033980664512,0.8085033982210511,0.8085034023959458,0.8085033985867057
0,0.8085034022577097,0.8085034016407512,0.8085034035617089,0.808503402263794,0.80850340339601,0.8085034019094679,0.808503403830425,0.8085034025325101,0.8085034025147617,0.8085034006661589,0.8085034035095044,0.8085034004154391,0.808503399870004,0.8085034039171434,0.808503403923929,0.8085034015881369,0.8085033981158315,0.8085033983511395,0.8085034024245361,0.8085033986607482,0.8085033980814347,0.808503398205431,0.8085034023901393,0.8085033986263507
0,0.8085034022423541,0.8085034016676379,0.8085034035654217,0.808503402232461,0.8085034034446612,0.8085034019514636,0.8085034038492478,0.808503402516287,0.8085034024502346,0.8085034007227174,0.8085034035283926,0.8085034003756905,0.8085033999059315,0.8085034038724888,0.8085034038923139,0.8085034015969051,0.8085033981310288,0.8085033983193656,0.8085034023915344,0.8085033986459091,0.8085033981121206,0.8085033982392698,0.8085034023726269,0.8085033986270013
0,0.8085034022348152,0.808503401681466,0.8085034035309067,0.8085034022025692,0.8085034034185454,0.808503401960907,0.8085034038103474,0.8085034024820102,0.8085034024312098,0.8085034006986158,0.8085034034233499,0.8085034003678255,0.8085033998915809,0.8085034039022098,0.808503403925361,0.8085034016040983,0.8085033981610016,0.8085033984368247,0.8085034024295219,0.8085033987063727,0.8085033981084603,0.8085033982142547,0.8085034023769804,0.808503398653831
0,0.8085034022276311,0.8085034016948277,0.808503403546846,0.8085034021925518,0.8085034034416321,0.8085034019814145,0.8085034038334328,0.8085034024791382,0.8085034024018513,0.8085034007311154,0.8085034034442702,0.8085034003551276,0.8085033999312163,0.8085034038418681,0.8085034038726484,0.8085034016026007,0.8085033982356735,0.8085033984070857,0.8085034023340733,0.8085033986817173,0.8085033982022014,0.8085033982652949,0.8085034023006007,0.8085033986482448
0,0.80850340213565,0.8085034016631133,0.8085034034472425,0.8085034021510872,0.8085034034134078,0.8085034019647512,0.8085034037488801,0.8085034024527249,0.8085034024077058,0.8085034007030445,0.8085034033905308,0.8085034003507053,0.8085033999171372,0.8085034039070818,0.8085034039255605,0.8085034016835599,0.8085033982480402,0.8085033984823641,0.8085034023869996,0.8085033987773779,0.808503398192944,0.808503398248972,0.8085034023319031,0.8085033987222814
0,0.8085034021617181,0.8085034018044611,0.8085034035098911,0.8085034020436264,0.8085034034799372,0.8085034021156506,0.8085034038210807,0.8085034023548155,0.8085034022982199,0.8085034008067544,0.8085034034183307,0.8085034003077828,0.8085033999661302,0.8085034038191519,0.8085034038522163,0.8085034016549665,0.8085033982815814,0.8085033984280694,0.8085034023062448,0.8085033987080654,0.8085033982526164,0.808503398305373,0.8085034022772806,0.8085033986791008
0,0.8085034020442532,0.8085034017574081,0.8085034034083375,0.8085034020070214,0.8085034034276382,0.8085034020839811,0.80850340373491,0.8085034023335946,0.8085034023418983,0.8085034007377977,0.8085034033389374,0.8085034003209973,0.8085033999323019,0.8085034039259058,0.8085034039310398,0.8085034017670655,0.8085033982736598,0.808503398533908,0.808503402392335,0.8085033988068749,0.8085033982109767,0.8085033982683788,0.8085034023296522,0.8085033987441919
0,0.8085034020881604,0.8085034018591016,0.8085034034570842,0.8085034019407186,0.8085034035424415,0.8085034022024109,0.8085034038003934,0.8085034022840278,0.8085034022296589,0.8085034008181345,0.8085034033517378,0.8085034002246742,0.8085033999873161,0.8085034038221065,0.808503403853923,0.8085034017164611,0.8085033983841826,0.8085033984866759,0.8085034022448518,0.8085033987573433,0.8085033983466771,0.8085033983277998,0.8085034022073463,0.8085033987198375
0,0.8085034050777781,0.8085034073178595,0.8085034068198215,0.8085033989083444,0.8085034076041325,0.8085034079142508,0.8085034074162126,0.808503399504736,0.8085033983397331,0.8085034046759308,0.8085034058791042,0.8085033976131931,0.8085034024516854,0.8085033986323268,0.8085033998578363,0.8085033985773299,0.8085034009578806,0.808503394493036,0.8085033967707347,0.8085033951575883,0.808503402520098,0.8085034011106949,0.8085033983329524,0.8085033967198058
0,0.8085034007084216,0.8085034005307974,0.8085034019808449,0.8085034021781363,0.8085034020375312,0.8085034008445575,0.8085034022946048,0.8085034024918966,0.8085034036213247,0.8085033993052031,0.8085034021649753,0.8085034010939592,0.8085033989414371,0.8085034060132651,0.8085034054453689,0.8085034031233964,0.808503397674352,0.8085034002484311,0.8085034042259329,0.8085034003237644,0.808503396974025,0.8085033972817977,0.8085034035256057,0.8085033996234372
0,0.808503402136522,0.8085034028890924,0.8085034036199434,0.8085034009914073,0.8085034040214303,0.8085034033340589,0.8085034040649101,0.8085034014363738,0.8085034018110776,0.8085034009753543,0.8085034031351577,0.808503399757002,0.8085033997821255,0.808503403983667,0.8085034037695349,0.808503401686624,0.8085033986257503,0.8085033985612596,0.8085034019806516,0.8085033986235075,0.8085033985810365,0.8085033983718484,0.8085034019359376,0.8085033985787937
0,0.8085034021011098,0.8085034031035138,0.808503403621552,0.8085034007640743,0.8085034040914125,0.8085034035733603,0.8085034040913989,0.8085034012339212,0.8085034017808604,0.8085034008965123,0.808503402955724,0.8085033996509141,0.8085033995575456,0.8085034042812216,0.8085034038951416,0.8085034017520678,0.8085033985326388,0.808503398722269,0.8085034021459736,0.8085033986515481,0.808503398421788,0.8085033982526978,0.8085034020351233,0.8085033985406976
0,0.8085034021116653,0.8085034032605254,0.8085034036270558,0.8085034006131967,0.8085034041351713,0.8085034037382103,0.8085034041047412,0.8085034010908818,0.8085034017319577,0.8085034009015003,0.8085034028955652,0.8085033995961035,0.8085033994483922,0.8085034043990744,0.8085034039210549,0.8085034017489291,0.8085033985281327,0.8085033987715219,0.8085034021725838,0.8085033986601632,0.8085033983988137,0.8085033982237174,0.8085034020432641,0.8085033985308439
0,0.8085034020569555,0.8085034033627952,0.808503403616955,0.8085034004861709,0.8085034041660316,0.8085034038606808,0.8085034041148403,0.8085034009840562,0.8085034017290752,0.8085034008639636,0.8085034028329929,0.8085033995528561,0.8085033993706663,0.8085034045125479,0.808503403954437,0.8085034018091345,0.8085033985233842,0.8085033988262722,0.8085034022021065,0.8085033986702738,0.8085033983761818,0.8085033982027128,0.8085034020549045,0.8085033985230711
0,0.8085034020730653,0.8085034034618974,0.8085034036428779,0.8085034004031244,0.8085034041785922,0.8085034039589446,0.8085034041399254,0.8085034009001716,0.8085034016982182,0.8085034008693958,0.8085034027845128,0.8085033995347726,0.8085033992966278,0.8085034045890397,0.8085034039677166,0.8085034018022793,0.8085033985225359,0.8085033988675621,0.8085034022140001,0.8085033986579009,0.8085033983605564,0.8085033981814058,0.8085034020520206,0.8085033984959211
0,0.8085034020264577,0.8085034035222136,0.8085034036024632,0.808503400309568,0.8085034041917919,0.80850340403338,0.8085034041136292,0.808503400820734,0.8085034016989932,0.808503400840845,0.8085034027413845,0.8085033995051844,0.8085033992473843,0.8085034046582161,0.8085034039799475,0.8085034018422333,0.8085033985122348,0.8085033989131918,0.8085034022570795,0.8085033986980847,0.8085033983405198,0.8085033981857952,0.8085034020853644,0.80850339852637
0,0.8085034020397873,0.8085034035991921,0.8085034036601252,0.808503400259706,0.8085034042120514,0.808503404111994,0.8085034041729268,0.8085034007725076,0.8085034016322845,0.8085034008808968,0.8085034026899891,0.8085033994867903,0.8085033992048215,0.8085034047123895,0.8085034040043108,0.8085034018482673,0.8085033985137889,0.8085033989493936,0.8085034022517948,0.8085033986521161,0.8085033983245757,0.8085033981478739,0.8085034020625813,0.8085033984629028
0,0.8085034020183394,0.8085034036456982,0.8085034036320357,0.8085034001942785,0.8085034042149407,0.8085034041642454,0.8085034041505829,0.8085034007128256,0.808503401640946,0.8085034008532105,0.8085034026562995,0.808503399470673,0.8085033991671035,0.8085034047517762,0.8085034039958562,0.8085034018610884,0.808503398466898,0.808503398986798,0.8085034023251404,0.8085033986839718,0.8085033982730838,0.8085033981657888,0.8085034021313261,0.8085033984901576
0,0.8085034020346756,0.8085034036978623,0.8085034036478427,0.8085034001543915,0.8085034042171854,0.8085034042130831,0.8085034041630631,0.8085034006696126,0.8085034015987653,0.8085034008818939,0.8085034026271439,0.8085033994644918,0.8085033991543012,0.8085034047985054,0.8085034040779127,0.8085034018678545,0.8085033984801253,0.8085033990131415,0.8085034023197865,0.8085033986782405,0.8085033982592722,0.8085033980775932,0.8085034020989332,0.8085033984573876
0,0.8085034020164511,0.8085034037273436,0.808503403615224,0.8085034001054904,0.8085034042125185,0.8085034042457648,0.8085034041336452,0.8085034006239114,0.8085034016136579,0.8085034008576967,0.8085034026092792,0.8085033994579967,0.8085033991311008,0.8085034048220786,0.8085034040701885,0.8085034018765553,0.8085033984655926,0.8085033990375159,0.808503402356643,0.8085033987123109,0.8085033982431011,0.8085033980950276,0.8085034021341517,0.8085033984898194
0,0.8085034020372129,0.8085034037647001,0.8085034036304218,0.8085034000818689,0.8085034043151058,0.8085034043024375,0.8085034041681596,0.8085034006196067,0.808503401554961,0.8085034008720178,0.8085034025916937,0.8085033993594056,0.8085033991208198,0.8085034048426477,0.8085034041058716,0.8085034018678056,0.8085033984811746,0.8085033990289172,0.8085034023330682,0.8085033986999842,0.8085033982506682,0.8085033980524766,0.808503402102562,0.8085033984694777
0,0.8085034019615442,0.8085034037703259,0.8085034035961582,0.8085034000342531,0.8085034042938549,0.8085034043209098,0.8085034041467423,0.8085034005848372,0.8085034015582523,0.8085034008234727,0.8085034024827416,0.8085033993498804,0.8085033991251699,0.8085034048637254,0.8085034041050565,0.808503401935193,0.8085033984656848,0.8085033991460183,0.8085034024101101,0.8085033987440282,0.8085033982126835,0.8085033980742874,0.8085034021571085,0.8085033984910271
0,0.8085034019914106,0.8085034037983528,0.8085034036197801,0.8085034000266564,0.8085034043239474,0.8085034043489907,0.8085034041704172,0.8085034005772939,0.8085034015052179,0.8085034008549821,0.8085034024569747,0.8085033993192947,0.8085033990676277,0.8085034049220917,0.8085034041264528,0.808503401915954,0.8085033984993556,0.8085033991615163,0.808503402377427,0.8085033987311161,0.808503398235233,0.8085033980426757,0.8085034021133045,0.8085033984669934
0,0.808503401932956,0.8085034037919159,0.808503403569977,0.8085033999917429,0.8085034043142294,0.8085034043540579,0.8085034041321195,0.8085034005538855,0.80850340153553,0.8085034008186989,0.8085034024437808,0.8085033993168568,0.8085033990825043,0.8085034049162558,0.8085034041078233,0.8085034019582537,0.8085033984771178,0.8085033991838808,0.8085034024239756,0.8085033987723997,0.8085033982169946,0.8085033980819807,0.8085034021638523,0.8085033985122763
0,0.8085034019813346,0.8085034038957437,0.8085034036145885,0.808503399923434,0.8085034043465242,0.8085034044540893,0.8085034041729342,0.8085034004817796,0.8085034014749819,0.8085034008623401,0.8085034024263018,0.8085033992900709,0.8085033989154181,0.8085034050944945,0.8085034041620623,0.8085034019332104,0.8085033985276795,0.8085033991873967,0.8085034023623966,0.8085033987400382,0.8085033982497296,0.8085033980099818,0.8085034020844466,0.8085033984620882
0,0.8085034019036121,0.8085034038824189,0.8085034035466273,0.8085033998811127,0.8085034043303253,0.8085034044552883,0.8085034041194967,0.8085034004539822,0.8085034015263887,0.8085034008120883,0.80850340242585,0.8085033992935486,0.8085033989361496,0.8085034050833715,0.8085034041325158,0.8085034019879143,0.8085033985025248,0.8085033992011486,0.8085034024129941,0.808503398792898,0.8085033982348717,0.8085033980673517,0.8085034021453413,0.8085033985252449
0,0.8085034019714264,0.8085034039445177,0.8085034035903802,0.8085033998616289,0.8085034044588951,0.8085034045317292,0.8085034041775918,0.8085034004488404,0.8085034014250713,0.8085034008583336,0.8085034024021254,0.8085033991730926,0.8085033988356453,0.808503405186803,0.8085034041852219,0.8085034019428711,0.8085033985917853,0.8085033991892231,0.8085034023075064,0.8085033987623388,0.808503398309475,0.8085033979933384,0.8085034020251961,0.8085033984800288
0,0.8085034018405749,0.8085034039484232,0.8085034034847418,0.8085033997673926,0.8085034044100917,0.8085034045550032,0.8085034040913225,0.8085034003739733,0.8085034014823528,0.8085034007499413,0.8085034022708643,0.8085033991705435,0.8085033988930792,0.8085034051403528,0.8085034041227984,0.8085034020340486,0.8085033986548359,0.8085033993462807,0.8085034023471598,0.8085033988741639,0.8085033983608475,0.808503398100927,0.8085034020531715,0.8085033985801756
0,0.808503401821311,0.8085034041755247,0.80850340347746,0.8085033995301508,0.8085034045803875,0.808503404826854,0.8085034041287893,0.8085034001814808,0.8085034013515727,0.8085034007452503,0.8085034021145479,0.8085033989721914,0.8085033988063508,0.8085034052461785,0.8085034041490538,0.8085034020577916,0.8085033989867519,0.8085033994629178,0.8085034020713564,0.8085033989044325,0.8085033986602285,0.8085033980797416,0.8085034017448329,0.808503398577909
0,0.8085033988310715,0.8085034065724621,0.8085034037167335,0.8085033960824374,0.8085034073447608,0.8085034085822718,0.8085034057265429,0.8085033980922471,0.8085033998983134,0.808503399335928,0.8085033979827839,0.8085033956096189,0.8085033959313982,0.8085034120078326,0.8085034099163678,0.8085034064659946,0.8085033987856277,0.8085034027615898,0.8085034034688783,0.8085033987379698,0.8085033964429422,0.808503392837815,0.8085034011261931,0.8085033963952847
0,0.8085034029287838,0.8085034008431726,0.808503401841455,0.8085034026606217,0.8085034014834865,0.808503400501984,0.8085034015002664,0.8085034023194334,0.8085034028154294,0.8085034022948623,0.8085034064937351,0.8085034024823676,0.8085033990862664,0.8085034048120358,0.8085034050308092,0.8085034007722641,0.8085033950481325,0.8085033961771891,0.8085034051834246,0.8085034000262211,0.808503395312939,0.8085033972989271,0.8085034054482311,0.8085034002910276
0,0.8085034034241868,0.8085034009421441,0.8085034051729088,0.8085034040233795,0.8085034011824878,0.8085034004129507,0.8085034046437152,0.8085034034941863,0.8085034029790318,0.808503402681747,0.8085034068158277,0.8085034036014702,0.8085033980504057,0.8085034063089573,0.8085034057718898,0.8085034012382565,0.8085033920527027,0.8085033953122374,0.8085034065426471,0.808503396607528,0.8085033921742177,0.8085033958269817,0.808503406664162,0.8085033967290427
0,0.8085034043177115,0.808503399647793,0.8085034060528343,0.8085034059951282,0.8085033997785163,0.8085033985762344,0.8085034049812752,0.8085034049235695,0.808503403560464,0.8085034034240194,0.8085034084191735,0.8085034054636269,0.8085033979047431,0.8085034062544864,0.8085034059028262,0.8085034005833633,0.808503388398212,0.8085033939125582,0.8085034092807675,0.8085033956081165,0.8085033887392802,0.8085033953573465,0.8085034096218354,0.8085033959491847
0,0.8085034067633854,0.8085033964962439,0.808503408036867,0.8085034108386753,0.8085033962352022,0.808503394010877,0.8085034055515001,0.808503408353308,0.8085034049886225,0.8085034052034897,0.8085034122375363,0.8085034100429463,0.8085033977195514,0.808503405891207,0.8085034063408215,0.8085033987094525,0.8085033786841258,0.8085033906620049,0.8085034169228431,0.8085033934340771,0.8085033794894354,0.8085033940733525,0.808503417728153,0.8085033942393872
0,0.8085034135175607,0.8085033885583743,0.8085034128029883,0.8085034231769064,0.8085033872358536,0.8085033823541049,0.8085034065987189,0.8085034169726371,0.8085034085568987,0.8085034096033894,0.808503421633776,0.8085034215076615,0.8085033972991759,0.8085034045994646,0.8085034072684909,0.8085033932993995,0.8085033540794951,0.8085033827844862,0.8085034365967411,0.8085033884027699,0.80850335600605,0.8085033909455025,0.8085034385232959,0.8085033903293247
0,0.8085034958572581,0.8085032853200861,0.808503466808205,0.8085035784943168,0.8085033040148633,0.8085032400322395,0.8085034215203586,0.8085035332064704,0.8085034438920263,0.8085034494240632,0.8085035106393442,0.8085035292625403,0.808503395708005,0.808503399614176,0.8085034496394627,0.8085033337110383,0.8085029811869743,0.8085033068229442,0.8085037604215,0.8085033359032401,0.8085029848960826,0.8085033225349794,0.8085037641306083,0.8085033396123482
0,0.808503566446267,0.8085032267941626,0.8085035161541689,0.8085036828313228,0.8085032422883445,0.8085031502708571,0.808503439630863,0.8085036063080174,0.8085034697542207,0.808503482203561,0.8085035814478407,0.8085036119799899,0.8085033435684086,0.8085034119486368,0.8085034130143026,0.8085032661250073,0.8085027516807215,0.808503244344379,0.8085039479459066,0.8085032884719032,0.8085027733777843,0.808503336254611,0.8085039696429688,0.8085033101689644
0,0.8085034484862943,0.8085031925169973,0.8085033888538545,0.8085036234273951,0.8085035850813599,0.8085032247627181,0.808503421099576,0.8085036556731159,0.8085033863964989,0.8085033848154383,0.8085034794865353,0.8085032407425329,0.8085033339106628,0.8085034370220718,0.8085033745458312,0.8085033449522718,0.8085027179694317,0.8085032843772012,0.8085040385460786,0.808503397376107,0.808502750354754,0.8085034215636283,0.8085040709314012,0.8085034297614312
0,0.8085034386534875,0.8085032869156686,0.8085033566919478,0.8085035129881711,0.8085037907565629,0.8085033700359291,0.8085034398122085,0.8085035961084323,0.8085034022935215,0.8085034153696572,0.808503740692765,0.808503101147206,0.8085032506007068,0.8085034674670973,0.8085032607635894,0.8085033203323347,0.808502598349811,0.8085029803167172,0.8085040260059508,0.8085033554378515,0.8085027312677524,0.808503543366157,0.8085041589238944,0.8085034883557987
0,0.8085035144772484,0.808503309817715,0.8085033216450412,0.8085035056614974,0.8085037453547534,0.8085033643205001,0.8085033761478272,0.8085035601642828,0.8085034353206999,0.8085034598019252,0.8085038801824853,0.8085031644489495,0.8085031053822523,0.8085036304346722,0.8085033663929057,0.8085032611708202,0.8085025444907622,0.8085028616567921,0.8085040440651381,0.808503380372513,0.8085026786463914,0.8085034299491626,0.808504178220769,0.8085035145281495
0,0.8085036515123657,0.8085035403232074,0.8085032867573043,0.8085033141728295,0.8085038274522071,0.8085035818569701,0.8085033282910664,0.8085033557065926,0.8085034086620221,0.8085034433204473,0.8085038643681778,0.8085030673207935,0.8085032244658006,0.8085034798741555,0.8085034172502853,0.8085031279056362,0.8085025601966694,0.8085028709317238,0.8085040584206473,0.8085034497993575,0.8085026755516757,0.8085033595833768,0.8085041737756551,0.8085035651543684
0,0.808503554113302,0.8085034801337686,0.8085030811264943,0.8085032586151584,0.8085038261777518,0.8085035443594728,0.8085031453521987,0.8085033228408635,0.8085034539161609,0.8085034946696928,0.8085041028846129,0.808503081715332,0.8085032388936789,0.808503559960956,0.8085035779101055,0.8085032146884801,0.8085025649951069,0.8085026675968904,0.8085040273820311,0.8085035844365291,0.8085027040864075,0.8085032567971026,0.8085041664733339,0.8085037235278365
0,0.8085035553939822,0.8085034275702883,0.8085030320063645,0.8085032929055952,0.8085038757289861,0.8085035031911249,0.8085031076272018,0.8085033685264321,0.8085034605846647,0.8085035074262609,0.8085041913201894,0.8085030441352439,0.8085035381972322,0.8085032903739477,0.8085036512679454,0.8085032191295446,0.8085024739551621,0.8085025769027089,0.8085040944796958,0.8085036124489978,0.8085026192958598,0.8085031925757891,0.8085042398203954,0.8085037577897001
0,0.8085034516128624,0.80850349492568,0.8085031161182056,0.808503218037207,0.8085038986917076,0.8085036004666791,0.8085032216592047,0.8085033235782056,0.8085034492384622,0.8085035016130009,0.8085041517749043,0.8085030387564477,0.808503415525776,0.8085033904750113,0.8085035034384737,0.8085033078689761,0.8085023324149792,0.8085025902843501,0.8085042008520393,0.808503506996731,0.8085025103812975,0.8085033441617796,0.8085043788183599,0.8085036849630577
0,0.8085033340225493,0.8085035338058132,0.8085029840917651,0.808503083811958,0.8085038118675996,0.8085036466097283,0.8085030968956797,0.8085031966158728,0.8085034770672228,0.8085035321486479,0.808504228978266,0.8085031143531257,0.8085034824243935,0.8085033372642764,0.8085034625121333,0.8085033846306741,0.8085022969128077,0.8085025534906213,0.808504258809064,0.8085036025780458,0.8085025044803085,0.808503432760673,0.8085044663765671,0.8085038101455555
0,0.8085034309471806,0.8085035573477949,0.8085029719467623,0.8085030926529129,0.8085038123043482,0.8085036473740104,0.8085030619729778,0.808503182679128,0.8085034755644364,0.8085035331415925,0.8085042349213775,0.8085031070752227,0.8085033766435362,0.8085035290901135,0.8085037254914826,0.8085033469199983,0.8085022671381955,0.8085025541337553,0.8085043022659976,0.8085036377556751,0.8085024086505859,0.808503153589868,0.8085044437783904,0.8085037792680736
0,0.8085035651275099,0.8085035768034875,0.8085030473183058,0.8085031532389132,0.8085036054211648,0.8085035863155294,0.8085030568303474,0.8085031627509551,0.8085034893814359,0.8085035454691305,0.8085041239065692,0.8085032865373529,0.8085032838684113,0.808503592607779,0.8085037576826736,0.8085032381317844,0.8085022751017664,0.8085027056418903,0.8085043491445272,0.8085036298260327,0.8085023638009889,0.8085030813778316,0.8085044378437513,0.8085037185252599
0,0.8085037393398781,0.8085036010499502,0.8085031949095729,0.8085032519105011,0.8085036519926284,0.808503580430062,0.8085031742896844,0.8085032312906123,0.8085034479817048,0.8085035816210002,0.8085041280357581,0.8085032686690472,0.8085032429518947,0.8085035225741677,0.8085036354398465,0.8085030699033747,0.8085022603819999,0.8085026701856195,0.8085043064579944,0.8085035149906304,0.8085023718004245,0.8085031421616445,0.8085044178764209,0.8085036264090594
0,0.8085038259837091,0.808503692531738,0.8085032397063387,0.8085032106345516,0.8085036348357737,0.8085036474078319,0.808503194582432,0.8085031655106452,0.8085033632932083,0.8085035224370873,0.8085038055533583,0.8085032144886127,0.8085029374278676,0.8085037847555123,0.8085036051794784,0.8085029866911382,0.8085025678799749,0.8085029920690898,0.8085041416345885,0.808503566634073,0.8085026045295218,0.8085031473190633,0.8085041782841358,0.8085036032836225
0,0.8085036947406733,0.808503592946138,0.8085030046502157,0.8085031703063259,0.8085036503236889,0.8085035824607103,0.808502994164788,0.8085031598208983,0.8085033444647969,0.8085035477430393,0.8085038700793965,0.8085031669210326,0.8085028138419543,0.808503978249687,0.8085036919614601,0.8085030829313867,0.8085027930424311,0.8085029628614516,0.8085039806314093,0.808503763812933,0.8085028326150984,0.8085031304939635,0.8085040202040781,0.8085038033856037
0,0.8085036489329456,0.8085033204955541,0.8085029308989037,0.8085033970894194,0.8085036411499267,0.8085033186582328,0.8085029290615817,0.8085033952520976,0.8085032944365856,0.8085035973733986,0.8085038742486106,0.8085031617102392,0.808502842747532,0.8085039616209344,0.8085036949901897,0.8085031120437711,0.8085028523855868,0.8085029728778697,0.8085039500573747,0.8085038291150751,0.8085028942690271,0.8085031502989769,0.8085039919408168,0.8085038709985195
0,0.8085034434065929,0.8085032712597221,0.8085028513807455,0.8085033374479349,0.8085036194052234,0.8085033128073624,0.8085028929283865,0.8085033789955755,0.8085031395912672,0.8085037785767528,0.8085039193847952,0.8085031855802658,0.8085027684317445,0.8085041136790517,0.8085037085633426,0.8085033020026192,0.8085028963178795,0.808502938795386,0.8085039018744496,0.8085038520692669,0.8085029558941431,0.8085031911644952,0.808503961450715,0.8085039116455345
0,0.8085036421631316,0.8085033589689229,0.8085027758288738,0.8085032967987309,0.8085036159144334,0.8085033527724454,0.8085027696323972,0.8085032906022535,0.8085031493347504,0.8085037587311112,0.808503918711418,0.8085031598058511,0.8085027106439912,0.8085040929829141,0.8085037175583554,0.8085030875341371,0.8085029737034733,0.8085029636828763,0.8085038830192466,0.8085039804163242,0.8085030197264822,0.808503158639473,0.808503929042256,0.8085040264393349
0,0.8085040003948272,0.808503444552046,0.8085028541311918,0.8085033779567645,0.8085036265730883,0.8085033563047047,0.8085027658838498,0.8085032897094229,0.8085033003722305,0.808503606901993,0.8085039263736631,0.8085031500710887,0.8085028924548676,0.8085039267447125,0.8085040254029716,0.8085028204593707,0.8085030331414205,0.8085029547009124,0.8085038217334999,0.8085039845606775,0.8085029889314003,0.8085027674242623,0.8085037775234797,0.8085039403506573
0,0.8085040311467684,0.8085034508778524,0.8085029050918554,0.8085034028423963,0.8085036334329105,0.8085033569903465,0.8085028112043495,0.8085033089548904,0.8085033368617578,0.8085035586661826,0.8085038983889015,0.8085031473036782,0.8085029119747785,0.8085039909372921,0.8085042178550871,0.8085028471693925,0.8085031143793467,0.80850297272012,0.8085037323107489,0.8085039451133188,0.8085030167997771,0.808502559366427,0.808503634731179,0.8085038475337483
0,0.8085040111335172,0.8085034460230591,0.8085029126680084,0.8085034029466415,0.8085036824783246,0.8085033684380926,0.808502835083042,0.8085033253616746,0.8085034413040351,0.8085033890602982,0.8085037954883117,0.8085030796037257,0.808502897459855,0.8085040418523869,0.8085042773139074,0.8085028830074531,0.808503175558304,0.8085030616934425,0.8085037084408703,0.8085039538164289,0.8085030434993837,0.8085025022828798,0.8085035763819503,0.808503821757509
0,0.8085038662930825,0.8085034636783203,0.8085030540604451,0.8085033839743623,0.8085036162787723,0.8085034046579479,0.8085029950400724,0.8085033249539896,0.8085035563854502,0.8085032598205658,0.8085036813948727,0.8085031566302018,0.8085028984984132,0.8085041507230196,0.8085043659233804,0.8085030821439723,0.8085033495588734,0.8085031578807963,0.8085035127864498,0.8085038009385562,0.8085031740307927,0.808502414331914,0.8085033372583692,0.8085036254104759
0,0.8085038382433319,0.8085034275722768,0.808503041223779,0.8085034044631839,0.8085035638860923,0.8085033628053181,0.8085029764568201,0.8085033396962252,0.808503419435827,0.8085033401291404,0.8085035225897333,0.8085031671471633,0.8085028067619663,0.808504274900057,0.8085044143925234,0.808503118605411,0.8085034210472596,0.8085033302411297,0.8085035250494976,0.8085038478423309,0.8085031952317737,0.8085023736713803,0.8085032992340115,0.8085036220268444
0,0.8085037993706492,0.8085034910234401,0.8085031281308661,0.8085033593595304,0.8085034396308609,0.8085034061003963,0.8085030432078216,0.8085032744364863,0.8085035525123002,0.8085032858242788,0.8085035761577837,0.8085033198058691,0.8085027615002658,0.808504343735588,0.808504416276259,0.8085031784387618,0.8085033104280374,0.8085032876554142,0.8085035788617739,0.8085037417055247,0.8085030920553565,0.8085023626138939,0.8085033604890928,0.8085035233328444
0,0.8085039079319869,0.8085035387765024,0.8085032068264963,0.8085033831322639,0.8085037126697564,0.8085034926813425,0.8085031607313368,0.8085033370371041,0.8085030958076409,0.8085035180397395,0.8085032991301361,0.8085030091131665,0.8085029042637047,0.8085040875493246,0.8085042488412755,0.8085030489289071,0.8085033423629807,0.8085034900922812,0.8085036222344694,0.8085037364266106,0.8085031072850016,0.8085024942859822,0.8085033871564903,0.8085035013486312
0,0.8085036827085667,0.8085035393207927,0.8085031852417005,0.8085032883156232,0.8085039573978473,0.8085036041661355,0.8085032500870434,0.8085033531609658,0.8085029919060722,0.8085035444450256,0.8085033159141255,0.8085027894412602,0.8085029521083799,0.80850415966305,0.8085043248299949,0.8085032869953568,0.8085031355550691,0.8085034095039788,0.8085037789300278,0.8085036858190503,0.8085029126902493,0.8085024654334485,0.8085035560652063,0.8085034629542295
0,0.8085033930576464,0.808503575815681,0.8085030854671248,0.8085031030734323,0.8085038727201973,0.808503689048649,0.8085031987000931,0.8085032163064007,0.8085028889441176,0.8085036868140467,0.8085033406880255,0.80850286783642,0.8085030123410282,0.8085042472287794,0.8085044225947408,0.8085035761718199,0.8085031332668016,0.8085034107161029,0.8085037937832684,0.8085037175024626,0.8085029045939485,0.808502442042352,0.8085035651104148,0.8085034888296092
0,0.8085033611594461,0.8085035400388659,0.8085030446767422,0.8085031110856801,0.8085039027225914,0.8085036678845823,0.8085031725224585,0.8085032389313964,0.808503151674806,0.8085033786997645,0.8085032738359565,0.8085028158726849,0.8085030453009173,0.808504316774166,0.80850462168848,0.8085036454403699,0.8085031519048717,0.8085034768377072,0.8085038190678677,0.8085037663718957,0.8085028639003318,0.8085022568308964,0.8085035310633268,0.8085034783673557
0,0.8085033509654171,0.8085033763954816,0.8085030448212832,0.8085032708905019,0.8085037747601906,0.8085034764398569,0.8085031448656583,0.8085033709348768,0.8085031938243455,0.8085034000521566,0.8085033100934401,0.8085029458654273,0.808503022602026,0.8085043600310943,0.8085046569563669,0.8085036639941352,0.8085031698584552,0.8085034703008406,0.8085037970535855,0.8085037622777314,0.8085028755245205,0.8085022234822865,0.8085035027196505,0.8085034679437978
0,0.8085032805721516,0.8085033196797466,0.8085029369669282,0.8085032595217024,0.8085036473611018,0.8085034062668721,0.8085030235540538,0.8085033461088283,0.8085033292459771,0.8085035153164649,0.8085037611552014,0.8085031511079792,0.8085029756520524,0.8085044596092952,0.8085047320737369,0.8085037266592515,0.808503231607436,0.8085030667385927,0.8085035796176974,0.8085037582463741,0.8085030228451092,0.808502182407186,0.8085033708553705,0.8085035494840488
0,0.8085034261204962,0.8085033109334996,0.8085029602909468,0.8085033327714517,0.8085034308310857,0.8085033120455186,0.8085029614029665,0.8085033338834711,0.8085033997457617,0.8085035684093256,0.8085038596219575,0.8085033762109657,0.8085027920810918,0.8085046104860791,0.8085047761229476,0.808503597015574,0.8085031549852507,0.8085030214952004,0.8085036390939564,0.8085037586011519,0.8085029388912285,0.8085021061062323,0.8085034229999336,0.8085035425071309
0,0.8085034094478979,0.8085032571213211,0.8085029310958746,0.8085033690637374,0.8085034497195778,0.8085032666281745,0.8085029406027289,0.8085033785705912,0.808503455651787,0.8085036078247732,0.8085040807696773,0.808503404618112,0.8085028110051546,0.8085045799379058,0.8085047435900273,0.8085035991161751,0.8085031387885245,0.8085028007125913,0.8085035606994339,0.8085037317406578,0.8085029845621299,0.8085021473991018,0.8085034064730394,0.8085035775142663
0,0.8085033999550767,0.8085032995029943,0.8085029129760326,0.8085033161349663,0.8085034788039602,0.8085033181166905,0.8085029315897292,0.8085033347486632,0.8085034605653445,0.8085035960472551,0.8085040914826723,0.8085033759350385,0.8085029965555517,0.8085044091299715,0.8085047705958054,0.808503610706681,0.8085030335596166,0.8085027861663062,0.808503665125717,0.8085037441856368,0.8085028776368507,0.8085021256668722,0.808503509202951,0.8085035882628729
0,0.808503306726364,0.8085030890553598,0.8085027436589396,0.8085034262990183,0.8085035332492928,0.8085031425301696,0.8085027971337497,0.8085034797738281,0.8085034628343061,0.8085035829217784,0.8085041382141778,0.808503300780813,0.8085030933658899,0.8085044245313402,0.8085049651770535,0.8085037098994946,0.8085029734615747,0.8085027547154894,0.8085037666416468,0.8085038840699152,0.808502790865812,0.8085019812274284,0.8085035840458844,0.8085037014741554
0,0.8085032947077524,0.8085030231293863,0.8085028324414526,0.8085035215461918,0.808503508518496,0.8085030736032558,0.8085028829153225,0.8085035720200613,0.8085034786036153,0.8085035842681773,0.8085041380753681,0.8085033457291337,0.8085031899782326,0.8085043235299771,0.8085049292017459,0.808503734384211,0.8085030009775357,0.8085027431946388,0.8085036986906592,0.8085037897304935,0.8085028261331965,0.808502002542134,0.8085035238463196,0.8085036148861562
0,0.8085032690584668,0.8085030331894545,0.8085028686667769,0.8085035155258136,0.8085036149381413,0.8085031148405691,0.8085029503178929,0.8085035971769282,0.8085034525673662,0.8085035405264664,0.8085040635058484,0.8085032376175914,0.808503025702135,0.8085045449837562,0.8085050226369007,0.8085037906421627,0.808502928062034,0.808502784567073,0.8085037749899404,0.8085037572168997,0.8085027209171202,0.8085019070871425,0.8085035678450277,0.8085035500719904
0,0.808503265985473,0.8085029204780937,0.8085029053157711,0.8085036410620612,0.8085036174914062,0.8085030034573878,0.8085029882950673,0.8085037240413552,0.8085035033271367,0.8085035731114002,0.8085042348453919,0.8085032844773357,0.8085028813826451,0.8085046681977477,0.808504968449276,0.8085037895748577,0.808502924574176,0.8085026054869089,0.8085036796518542,0.808503677567391,0.8085027709825471,0.8085019548623368,0.8085035260602268,0.8085035239757702
0,0.8085031098367901,0.8085030223937972,0.8085027413813851,0.8085034168855043,0.8085034850527265,0.808503110970264,0.808502829957853,0.808503505461971,0.808503536950357,0.8085035703552594,0.8085042233174699,0.8085033768162909,0.8085030782634102,0.8085044890278418,0.8085049109431931,0.8085038934485396,0.8085031118252827,0.8085026725480756,0.8085035726001741,0.8085038204710547,0.8085029704089389,0.808502073498835,0.8085034311838314,0.8085036790547157
0,0.8085030615687074,0.8085030478986628,0.8085026339131206,0.8085033318946422,0.8085032813657624,0.8085030997857082,0.808502685800167,0.808503383781688,0.8085036154471922,0.8085035712285065,0.8085042541714113,0.8085035537558848,0.8085031335717121,0.8085044755592804,0.808504981036062,0.808503932893512,0.8085030625579713,0.8085027081265673,0.8085036753622673,0.8085039249437301,0.8085029032173756,0.8085020331489766,0.8085035160216729,0.8085037656031382
0,0.8085029857957462,0.8085029575972781,0.8085026892354132,0.8085034143845631,0.80850327306206,0.808503025411655,0.808502757049792,0.80850348219894,0.808503732204838,0.8085034161674842,0.808504152718232,0.8085035549295255,0.8085032087768144,0.8085043079540223,0.8085047134621166,0.8085039585606664,0.8085030610918309,0.8085027975581471,0.8085036910885954,0.808503872845804,0.8085029447269616,0.808502304628661,0.8085035747237289,0.8085037564809406
0,0.8085029418381747,0.8085029938256303,0.8085026544826719,0.8085033480915488,0.8085033307582685,0.8085030856372093,0.8085027462942531,0.8085034399031273,0.808503548234237,0.8085036271601714,0.8085042586832707,0.808503519709213,0.8085030408847915,0.8085044804951509,0.8085046943838208,0.8085039898104276,0.8085030178876188,0.8085026826282418,0.8085036893409806,0.8085038700903002,0.808502936706449,0.8085023387393003,0.8085036081598146,0.8085037889091382
0,0.8085029731460354,0.8085027990759104,0.8085027051202128,0.8085035741416156,0.8085033168664104,0.8085028802172827,0.8085027862615881,0.8085036552829877,0.8085034995756851,0.8085037137298897,0.8085043201085085,0.8085035575366704,0.8085029643968977,0.8085045072216457,0.8085046046450792,0.8085039492720675,0.808502929783436,0.8085026162230595,0.8085037295741063,0.8085038111674426,0.8085028817683482,0.8085024128278991,0.8085036815590229,0.8085037631523639
0,0.8085029262450326,0.8085027711294667,0.808502627612519,0.8085035545681712,0.8085036793353622,0.8085029489099762,0.8085028053930313,0.8085037323486804,0.8085030877697544,0.808503859209435,0.8085040456099414,0.8085031347836751,0.8085029164480454,0.808504672521622,0.8085048300577115,0.80850403108867,0.8085030681414141,0.8085028178424296,0.8085037117841226,0.8085039251991682,0.8085029249267057,0.8085022111752013,0.8085035685694177,0.8085037819844667
0,0.8085029799321494,0.8085028701486439,0.8085027500672621,0.8085035228292046,0.8085036631194308,0.8085030314272825,0.8085029113459035,0.8085036841078435,0.8085031194571376,0.8085038266142821,0.808504010333157,0.8085031676839276,0.8085026890440034,0.8085049411743793,0.8085049374709822,0.8085040316659894,0.8085029212788258,0.8085028359809762,0.808503825277982,0.8085038197001596,0.8085027404840015,0.8085020701218254,0.8085036444831614,0.8085036389053452
0,0.8085029547607002,0.808502838077724,0.8085027897111794,0.8085035604281142,0.8085036440780242,0.8085030008034695,0.8085029524369274,0.8085037231538601,0.8085032509102029,0.8085036087019891,0.8085038039570485,0.8085031477068282,0.8085026867256682,0.8085048846505687,0.808504784905839,0.8085040301803545,0.8085030342294545,0.8085030381459735,0.8085037903643791,0.8085038218387417,0.8085028410732011,0.8085022199229688,0.8085035972081298,0.8085036286824973
0,0.8085029777580248,0.8085027436716332,0.808502880136079,0.8085036981576356,0.8085036049762218,0.8085028917377636,0.8085030282022109,0.8085038462237666,0.8085032476509649,0.8085036791823688,0.8085039002298107,0.8085032274213252,0.8085031695342754,0.8085043370680743,0.8085046490481975,0.8085039964578619,0.8085029456535722,0.8085029348711147,0.8085037977149182,0.8085037124628999,0.8085028038352046,0.8085023341188764,0.8085036558965527,0.8085035706445378
0,0.8085029739804408,0.8085027142890364,0.8085028520183666,0.808503715357307,0.8085034767566011,0.8085028329783877,0.8085029707077185,0.8085038340466586,0.8085031544954291,0.8085038441414515,0.8085039595607197,0.8085033560744761,0.8085032484522932,0.8085042589595699,0.8085046530766054,0.8085039945487656,0.8085030747783013,0.8085029110084606,0.8085036677231608,0.8085037340556439,0.8085029390801651,0.8085023361819339,0.8085035320250253,0.8085035983575096
0,0.8085029966565527,0.8085027080309355,0.8085028284120752,0.8085037212601102,0.8085034644002571,0.8085028184502459,0.8085029388313862,0.8085038316794205,0.8085033167601963,0.808503725596735,0.8085040482526422,0.8085033818431814,0.8085033782107868,0.8085041326687891,0.8085046832751207,0.8085039734288856,0.8085031116596284,0.8085028307642191,0.8085036040171466,0.80850374407194,0.8085029878176206,0.8085023061610581,0.8085034801751388,0.8085036202299337
0,0.8085029842578648,0.8085027161501154,0.8085027641199626,0.8085036838476432,0.8085032727113735,0.8085027842447527,0.8085028322145977,0.80850375194228,0.8085032701481322,0.8085038002151819,0.8085039728534693,0.8085035305639277,0.808503639054631,0.8085039351549065,0.8085048196580711,0.8085040028459736,0.8085029437726817,0.8085029631347409,0.8085038578403944,0.8085038366855964,0.8085027599441927,0.8085021844247582,0.8085036740119025,0.8085036528571021
0,0.8085030056075975,0.8085029445019264,0.8085025028088115,0.8085033638387364,0.8085032612875167,0.8085030048597686,0.8085025631666521,0.8085034241965786,0.8085035513346899,0.8085035381852074,0.8085040555693229,0.8085034980007196,0.8085037227806291,0.808503870918225,0.8085049281154439,0.8085039454123152,0.808503193129968,0.8085029339841943,0.8085036964571617,0.8085040961551732,0.808503001398323,0.8085021217959081,0.8085035047255151,0.8085039044235254
0,0.8085029319088382,0.8085029549860182,0.8085024276541211,0.808503296497664,0.8085025477554838,0.8085028642997144,0.8085023369678137,0.8085032058113598,0.8085038396072198,0.8085033539295575,0.8085037418208543,0.8085040840685259,0.8085037177992075,0.8085037906868779,0.8085047023614035,0.8085039480762555,0.8085034858370057,0.8085034272053891,0.808503658678745,0.8085042703456943,0.8085032376760032,0.8085023759785055,0.8085034105177397,0.808504022184689
0,0.80850295259561,0.8085030242070372,0.808502504922002,0.8085032646919988,0.808502442311949,0.8085029037454069,0.8085023844603686,0.8085031442303685,0.8085038654249351,0.8085033763408146,0.808503749595571,0.8085042025588682,0.8085035814661633,0.808503733647179,0.8085042947704235,0.8085038494107204,0.8085035966379982,0.8085034304983264,0.8085035217840949,0.8085041987386292,0.8085034395025358,0.8085027648618204,0.8085033646486309,0.8085040416031652
0,0.808503057910407,0.8085032241857718,0.808502775066092,0.8085032081258197,0.808502449434852,0.8085030805441791,0.8085026314244969,0.808503064484227,0.808503882756148,0.8085035394756279,0.8085040904256424,0.8085043341952828,0.8085036345666192,0.8085037337211244,0.8085044410043917,0.808503842389369,0.8085034554104572,0.8085030411418547,0.808503385492772,0.8085038615413749,0.8085033387408577,0.8085025469214938,0.8085032688231704,0.8085037448717726
0,0.8085031233822269,0.8085032730989141,0.808502775235297,0.8085031842853195,0.8085024146870352,0.808503105798675,0.8085026079350551,0.8085030169850802,0.8085036062143943,0.80850384328717,0.8085041245584452,0.8085043714556285,0.8085035063719996,0.8085038056019566,0.8085043746653627,0.8085037612969548,0.8085035426111566,0.8085030181313911,0.8085032932669687,0.8085038713959294,0.8085034440746884,0.8085026007242059,0.8085031947304977,0.8085037728594581
0,0.8085031623756064,0.8085033314027225,0.8085029928919254,0.8085032240131014,0.8085026605639238,0.8085032129410549,0.8085028744302548,0.8085031055514338,0.8085031878660262,0.8085041207937652,0.8085039742734142,0.8085041530121942,0.8085035681169342,0.8085037503731111,0.8085043784443463,0.8085037745773856,0.8085035895322862,0.8085030705620281,0.8085031914788113,0.8085036753215625,0.8085034661554596,0.8085025479293959,0.8085030681019826,0.8085035519447328
0,0.8085031575108503,0.8085033012162497,0.8085030225713472,0.8085032636779323,0.8085026481952023,0.808503180983136,0.8085029023382305,0.8085031434448191,0.8085031625301214,0.8085041401191061,0.8085039462063721,0.8085041653433657,0.8085037015054658,0.808503617574797,0.8085043700905171,0.8085037844764429,0.8085036996208335,0.80850309566134,0.8085030814653685,0.8085036504188691,0.8085035711721666,0.8085025515440477,0.8085029530166996,0.8085035219701995
0,0.8085031952224713,0.8085031474480778,0.8085030523317045,0.8085034432181007,0.8085026508111387,0.8085030189299978,0.8085029238136207,0.80850331470002,0.808503202839917,0.8085040929100364,0.8085039296083085,0.808504163878832,0.8085034082583058,0.8085038656500799,0.8085042992405006,0.8085037370648872,0.8085037440380953,0.808503107658391,0.8085030347453648,0.8085036323931466,0.8085036264407623,0.8085026095080865,0.8085029171480292,0.8085035147958114
0,0.8085031595143698,0.8085032227997696,0.8085030164629042,0.8085033405264692,0.808502679071793,0.8085031093826629,0.8085029030457961,0.808503227109363,0.8085033608733286,0.808503914127132,0.8085039124898837,0.8085041266744447,0.8085033872250498,0.8085038725288266,0.8085042472226542,0.8085037520257419,0.8085036404099557,0.8085031233457939,0.8085031562609507,0.8085036635356962,0.808503534616117,0.8085026751958956,0.8085030504671098,0.8085035577418558
0,0.8085031692458625,0.8085032202243989,0.8085030219305566,0.8085033489073967,0.808502680397896,0.8085031048230495,0.808502906529205,0.808503233506047,0.808503337962888,0.8085039661049422,0.8085039744631329,0.8085041408005623,0.8085033791994186,0.8085038804665836,0.8085042538652513,0.808503745153091,0.8085036801341342,0.8085030604540098,0.8085030856323309,0.8085036455186001,0.8085035869336743,0.8085026656505208,0.808502992431869,0.8085035523181385
0,0.8085031862841219,0.8085033119825983,0.8085030827373405,0.808503286883363,0.8085026626392013,0.8085031883668014,0.8085029591215424,0.8085031632675667,0.8085032586591832,0.8085040621596836,0.8085039855310978,0.8085041735873981,0.8085033534079175,0.808503868464748,0.8085041759888848,0.8085037240852253,0.8085038081340056,0.8085030427334017,0.808502927576136,0.808503584550723,0.8085037339912857,0.8085027286597977,0.8085028534334151,0.8085035104080031
0,0.8085031974301431,0.8085034136672338,0.808503170122196,0.8085032228341763,0.8085025419623132,0.8085032589322695,0.80850301538723,0.808503068099212,0.8085030888500773,0.8085042937258367,0.8085040079591713,0.8085043128413486,0.8085033409423268,0.8085038680517164,0.8085041410398429,0.8085037253176064,0.8085038201210382,0.8085030326067721,0.8085028784349462,0.8085034974065096,0.8085037521769778,0.8085027447911071,0.8085028104908837,0.8085034294624487
0,0.8085031535234536,0.8085033543489951,0.8085031729930002,0.8085032664780989,0.808502492718735,0.8085031983541625,0.8085030169981661,0.8085031104832666,0.8085030825436358,0.8085043239025934,0.8085040183707112,0.8085043649230526,0.8085033195980563,0.808503858411782,0.8085040393446727,0.8085037458950367,0.8085038351971242,0.8085030312922723,0.8085028576826291,0.808503483860434,0.8085037934204536,0.8085028543234466,0.8085028159059557,0.8085034420837626
0,0.8085031484115465,0.8085033996025772,0.8085031748819567,0.8085032199934596,0.8085024282213716,0.8085032295887401,0.8085030048681177,0.8085030499796229,0.8085031342350409,0.8085042972870838,0.8085040216194795,0.808504427323828,0.8085032969201559,0.8085038496445385,0.8085039682464094,0.8085037346688357,0.8085038362533139,0.8085030426780366,0.8085028608196109,0.8085034834525318,0.8085038087181586,0.8085029260372391,0.8085028332844534,0.8085034559173765
0,0.8085031903007308,0.8085035066947283,0.8085031051212765,0.8085031022553465,0.8085023178962905,0.8085033007479772,0.8085028991745241,0.8085028963085956,0.8085033209023256,0.8085041447202194,0.8085040247761565,0.8085045134432248,0.808503293562702,0.8085038692882144,0.8085040499533663,0.8085036955997795,0.8085040424069448,0.8085030807772551,0.8085027030773506,0.8085035720959036,0.8085039878459734,0.8085028496532687,0.808502648516378,0.808503517534935
0,0.8085032051477556,0.8085035162998431,0.8085030898707589,0.808503092496112,0.8085023519834813,0.8085033148950791,0.8085028884659934,0.8085028910913473,0.8085033908698384,0.808504091392215,0.808504089641494,0.8085044921407238,0.8085032451732291,0.8085038783346297,0.8085039815475185,0.8085036610041598,0.8085040227199427,0.8085030114469838,0.8085026971949725,0.808503574484671,0.8085040006922493,0.8085029181361755,0.8085026751672784,0.8085035524569797
0,0.8085030864058044,0.8085034463179739,0.8085031206783845,0.8085031288900544,0.8085023241236406,0.8085032663675653,0.808502940727975,0.8085029489396461,0.8085034112377782,0.8085041388702007,0.8085042008212128,0.8085045585839246,0.8085031582552968,0.8085039422530115,0.8085038308856439,0.8085037514523626,0.8085036663159857,0.8085028956068713,0.8085029764322207,0.8085034882997469,0.8085037111653952,0.8085030855920151,0.808503021281629,0.8085035331491561
0,0.8085031851634029,0.8085033051428492,0.8085031857580012,0.8085033326454159,0.8085020659519744,0.8085030409328728,0.8085029215480205,0.8085030684354395,0.8085034547673092,0.8085041927173143,0.808504201865955,0.8085048124744653,0.8085038073407081,0.8085032780218266,0.8085038662738798,0.8085036764120974,0.8085033272009745,0.8085029475316091,0.8085033241095319,0.8085034587914428,0.8085033440519936,0.8085030189136522,0.8085033409605448,0.8085034756424531
0,0.8085031693974821,0.808503389350938,0.808503118580522,0.8085032167557699,0.8085020882390669,0.8085031341240597,0.8085028633536392,0.808502961528891,0.8085034226738349,0.8085041661481339,0.8085041067612444,0.8085047539983531,0.8085037749694809,0.8085033522721212,0.80850395505004,0.8085036972767556,0.8085032381100373,0.8085030494939996,0.8085034855784784,0.8085035463171472,0.8085032136732921,0.808502945978268,0.8085034611417272,0.8085035218803924
0,0.8085032790463929,0.8085034885943784,0.8085031539649684,0.8085031729101465,0.8085020054929395,0.8085031879491926,0.8085028533197783,0.8085028722649604,0.8085033996172316,0.8085041475041991,0.808503953411361,0.8085047981747956,0.8085038887290367,0.8085031355413355,0.8085038189035118,0.8085035638411323,0.8085033698362569,0.8085032205632764,0.8085034309915948,0.8085035772012562,0.808503330616541,0.8085030544258767,0.8085033917718737,0.8085035379815335
0,0.8085033186541342,0.8085034255523237,0.8085032072899198,0.8085032714493329,0.8085021740556828,0.8085031553492834,0.8085029370868767,0.8085030012462929,0.8085033719232049,0.8085041220682196,0.8085039612522491,0.8085046512377683,0.8085033840950281,0.8085034745506177,0.8085034899638398,0.8085034591695427,0.80850327836977,0.8085031645316699,0.8085034792066551,0.8085035199991534,0.8085033258395788,0.808503365616996,0.8085035266764605,0.8085035674689582
0,0.8085033231958915,0.8085031910456512,0.8085033438785435,0.8085035598630056,0.8085021838695102,0.8085029220871782,0.8085030749200675,0.8085032909045327,0.8085033987111444,0.8085041499068505,0.8085040585689014,0.8085046969353166,0.8085033562345177,0.808503484406528,0.8085034294176907,0.8085034725790159,0.8085030872186912,0.8085030390169681,0.8085035593350519,0.8085033548527243,0.8085031722486555,0.8085033992096625,0.8085036443650115,0.8085034398826814
0,0.8085033361794292,0.808503353664085,0.8085034306676779,0.8085034353543559,0.8085025142468363,0.8085031596321203,0.8085032366357127,0.8085032413223915,0.8085033503106224,0.8085041037923066,0.8085040947789109,0.8085044132818721,0.8085033455167769,0.8085034893438268,0.808503411103289,0.8085034757601082,0.8085030061938414,0.8085029088255083,0.8085035469120457,0.808503240394519,0.8085031217830271,0.808503398469148,0.808503662501229,0.8085033559837002
0,0.8085033565579323,0.8085032144906693,0.808503362807951,0.80850355639155,0.8085024483664841,0.808503000095752,0.8085031484130313,0.8085033419966324,0.8085032965610425,0.8085040492553106,0.8085038289748562,0.8085043955878596,0.8085033609136199,0.808503513651225,0.8085035246447756,0.8085034661656426,0.8085030782137549,0.8085032040606549,0.8085036420409033,0.8085033827605396,0.8085030994445608,0.8085032939957815,0.8085036632717059,0.8085034039913394
0,0.8085033009248268,0.808503273778009,0.808503272559536,0.8085034413824301,0.8085025055851783,0.8085030860237875,0.8085030848053127,0.8085032536282086,0.8085032995559263,0.808504052230283,0.8085039000581166,0.8085043401338989,0.8085033256708472,0.8085034894204652,0.8085033709055833,0.8085034642010684,0.8085031181764679,0.8085031341975781,0.8085035985487136,0.8085034433833135,0.8085031987696722,0.8085034755958637,0.808503679141916,0.8085035239765141
0,0.8085033321076038,0.8085029260630232,0.8085033687275275,0.8085038377410586,0.8085022755155756,0.8085026766354813,0.8085031192999828,0.8085035883135167,0.8085033966963163,0.8085041480451474,0.8085041160256092,0.8085046293296722,0.8085033178039215,0.8085034877789022,0.8085033576270825,0.8085034525859481,0.8085029536375463,0.8085029555816445,0.8085036448354913,0.8085033124111429,0.8085030737892902,0.8085034645525875,0.8085037649872314,0.8085034325628796
0,0.8085033433884836,0.8085029470512375,0.808503337250233,0.8085038090385055,0.8085024638552664,0.8085027394216112,0.8085031296206039,0.8085036014088792,0.8085033498316309,0.8085041009636614,0.8085040674434568,0.8085044319576463,0.8085033540677162,0.8085035309848455,0.8085035410848058,0.8085034771827648,0.8085029753703925,0.8085029662230295,0.808503641167273,0.8085033490635694,0.8085030506121028,0.808503284952017,0.8085037164089796,0.8085034243052726
0,0.8085034645111613,0.8085030320021122,0.808503154207711,0.8085037004363563,0.8085024460008782,0.8085027915644508,0.8085029137700469,0.808503459998695,0.8085033975877789,0.8085041476898817,0.8085042943396157,0.8085044524195482,0.8085033217167104,0.8085035070057941,0.8085035547241496,0.8085033160694186,0.808503047423367,0.8085027839605369,0.8085035638992698,0.8085035176729267,0.808503165263256,0.8085032831383063,0.8085036817391558,0.8085036355128105
0,0.8085035080713785,0.808502925392914,0.8085032114248298,0.8085038455390702,0.8085026120465757,0.8085027138701519,0.808502999902065,0.8085036340163084,0.8085033323871011,0.8085040809643602,0.8085041327994847,0.8085042685724184,0.8085032900380543,0.8085034835291187,0.808503462216736,0.8085032641782977,0.8085030318949966,0.8085028973390076,0.8085036150305218,0.8085034975040081,0.8085031402643541,0.8085033563989633,0.8085037233998769,0.8085036058733603
0,0.8085036001605012,0.8085029118070585,0.8085031283581127,0.8085038625711728,0.8085025260670854,0.8085026582479995,0.8085028747990508,0.8085036090121138,0.8085033509296347,0.8085040975483436,0.8085041615322404,0.8085043318019901,0.8085032104793423,0.8085034126630399,0.8085032339778453,0.8085030985999029,0.8085029877803366,0.8085029089194453,0.808503704645064,0.808503605043796,0.8085031468890458,0.8085035829147462,0.8085038637537711,0.8085037641525012
0,0.8085034713708323,0.8085028926460793,0.8085032587741922,0.8085038823533903,0.8085026286541871,0.8085026937076664,0.8085030598357767,0.808503683414977,0.8085032520033927,0.808503996286282,0.8085037851824626,0.8085041840519791,0.808503230981355,0.8085034439664682,0.808503214603262,0.8085032536028888,0.8085028841046922,0.8085032303379562,0.808503898646472,0.8085035201012178,0.8085029718371757,0.8085036019787085,0.808503986378952,0.8085036078336961
0,0.8085036269254042,0.8085030915257823,0.8085031211069842,0.8085036903060542,0.808502365126803,0.80850279365554,0.8085028232367386,0.8085033924358119,0.8085032931452152,0.8085040348910548,0.8085037860766685,0.8085043919369688,0.8085032029149304,0.8085034319854341,0.8085032819197929,0.8085030814407695,0.8085028672286941,0.8085033249594119,0.808504026807202,0.8085037168269685,0.8085029159263527,0.8085035312459872,0.8085040755048556,0.8085037655246188
0,0.8085035403896716,0.8085031762893672,0.8085031278512271,0.8085035750648327,0.8085022108987105,0.8085028624391271,0.808502814000982,0.8085032612145923,0.8085033155829562,0.8085040544423869,0.8085037520016607,0.8085045359407639,0.8085032698431983,0.8085035176435605,0.8085035338060745,0.8085032290308886,0.808502890987054,0.8085033902532455,0.8085040234974122,0.8085037050681976,0.8085028684060418,0.80850329459852,0.8085040009163933,0.808503682487174
0,0.8085036277208824,0.8085031565935186,0.8085030751814578,0.8085036080001723,0.8085022661220947,0.8085028351636495,0.8085027537515828,0.8085032865703026,0.808503305475796,0.8085040418198298,0.8085037600426196,0.8085044683926426,0.808503260872196,0.8085035364338937,0.8085036353152274,0.8085031532291049,0.8085028865051628,0.808503383172171,0.8085040526287864,0.8085037766824575,0.8085028400699947,0.8085031864696186,0.808504006193611,0.8085037302472772
0,0.8085038348798117,0.8085033538904668,0.8085029388051027,0.8085034377397662,0.8085020617031916,0.8085029353002504,0.8085025202148811,0.8085030191495501,0.8085033339420036,0.8085040681399569,0.8085037553050565,0.8085046165625985,0.8085031616403932,0.8085034744150893,0.8085034874216298,0.8085028789631203,0.80850290830668,0.8085034715518183,0.8085041433251201,0.8085039828259883,0.8085028727296182,0.8085033208449386,0.8085041077480496,0.8085039472489151
0,0.8085038810361753,0.8085033020292228,0.8085029735561201,0.808503520504882,0.8085022464454905,0.8085029161547079,0.8085025876816002,0.808503134630367,0.8085032520145986,0.8085039845046056,0.8085035412122047,0.8085043972065622,0.8085031136803623,0.8085034925103692,0.8085034548715163,0.8085028333263099,0.8085028661608552,0.8085036374770249,0.808504254698408,0.8085039981406349,0.8085027954504965,0.8085033379431136,0.8085041839880414,0.8085039274302648
0,0.8085038051739709,0.8085033314326161,0.8085031936366182,0.8085035461879818,0.8085023053754637,0.8085029773782177,0.8085028395822157,0.8085031921335838,0.8085031826631874,0.8085039158518169,0.8085032484812847,0.8085043286378485,0.8085030282857433,0.8085035640918141,0.8085033222093267,0.8085029298251382,0.8085030251777233,0.8085038708445584,0.8085041149589789,0.8085038152420755,0.8085029241919758,0.8085034430620447,0.8085040139732242,0.8085037142563201
0,0.8085034884474801,0.808503251094636,0.8085032947887643,0.808503544183884,0.8085021414072325,0.8085029331015712,0.8085029767956947,0.808503226190819,0.8085032363225315,0.8085039024677183,0.8085031749269912,0.8085045076339827,0.8085029578594408,0.8085038980679489,0.8085036048612979,0.8085033371555054,0.8085031573637913,0.8085039495085844,0.8085039527171413,0.8085036578910211,0.8085029808020764,0.8085032015811351,0.8085037761554192,0.8085034813292978
0,0.8085033617758574,0.8085034136404885,0.8085031842751094,0.8085032910413195,0.8085019266978266,0.8085030748645214,0.8085028454991389,0.8085029522653531,0.8085034575722648,0.8085037132221198,0.8085030940846527,0.8085046722641839,0.808503047368852,0.8085038937589962,0.8085037039454938,0.80850346112899,0.808503311520794,0.8085040964321777,0.808503898718541,0.8085037731855036,0.8085030875780085,0.8085031477952942,0.8085036747757494,0.8085035492427122
0,0.8085032770820346,0.8085032918203583,0.8085031169619881,0.8085033547999559,0.8085019387829772,0.8085029758908093,0.8085028010324339,0.8085030388704064,0.8085035658681724,0.808503648608306,0.8085032048742397,0.8085046758357637,0.8085032741481867,0.808503636650429,0.8085035840440119,0.8085035016274776,0.8085034532667875,0.808503991826932,0.8085037256591542,0.8085037958111787,0.8085032891760835,0.8085032967275403,0.8085035615684452,0.8085036317204719
0,0.8085031742325605,0.8085029332503477,0.8085029634959641,0.8085036154661165,0.8085017499890245,0.8085025970320617,0.8085026272776669,0.8085032792478305,0.8085037362589452,0.8085035179360275,0.8085031694456767,0.8085048152483325,0.8085036316460644,0.808503591248615,0.8085041911763342,0.808503711573276,0.8085033378395515,0.8085040964962643,0.8085039398494478,0.8085039497069126,0.8085030172712694,0.8085027385471967,0.8085036192811536,0.8085036291386172
0,0.808503306126395,0.8085029617810067,0.8085030614423226,0.8085036747266094,0.8085018042655724,0.8085026072397632,0.8085027069010712,0.8085033201853656,0.8085038892266385,0.8085033003131455,0.8085030612078354,0.8085047542168223,0.8085031255384263,0.8085040282204503,0.8085041327426246,0.8085035890070261,0.8085032063362283,0.8085041791614529,0.808504084862645,0.8085039024110635,0.808502869685329,0.8085027530853313,0.8085037482117369,0.8085035657601531
0,0.808503631610182,0.8085029526329207,0.8085033346758891,0.8085039125643754,0.8085016421503772,0.8085024829851727,0.8085028650281305,0.8085034429166277,0.8085038734793608,0.8085033386158414,0.8085029476275076,0.808504926848043,0.8085030080727686,0.8085041380945873,0.8085043278026125,0.8085033740723764,0.8085029459229583,0.8085042935034579,0.8085043242437882,0.8085037330063187,0.8085025092389991,0.8085024436804756,0.8085038875598135,0.8085032963223354
0,0.8085034074161632,0.8085028915994541,0.8085034034321875,0.8085039142259126,0.8085016853806801,0.8085024850820245,0.8085029969147483,0.808503507708483,0.8085037234758503,0.8085034507099216,0.8085028771199285,0.8085048981073657,0.808502825169848,0.8085044309000063,0.8085043660717042,0.8085036235316371,0.808502723534266,0.8085043305667297,0.8085045176532533,0.8085036200744844,0.808502276074665,0.8085024350973941,0.8085040701936358,0.8085031726148579
