0,0.0,0.0,0.0,0.0,0.0,0.0,0.0,0.0,0.0,0.0,0.0,0.0,0.0,0.0,0.0,0.0,0.0,0.0,0.0,0.0,0.0,0.0,0.0,0.0
0,0.0,0.0,0.0,0.0,0.0,0.0,0.0,0.0,0.0,0.0,0.0,0.0,0.0,0.0,0.0,0.0,0.0,0.0,0.0,0.0,0.0,0.0,0.0,0.0
0,504.7737318002718,504.77373180026683,504.773731800272,504.77373180027683,504.7737318002718,504.77373180026683,504.773731800272,504.77373180027683,504.77373180027666,504.7737318002719,504.7737318002769,504.77373180027666,504.77373180027666,504.7737318002719,504.7737318002769,504.77373180027666,504.77373180027666,504.7737318002768,504.773731800272,504.7737318002768,504.77373180027666,504.7737318002768,504.773731800272,504.7737318002768
0,1065.5627762925835,1065.5627762925728,1065.5627762925787,1065.562776292583,1065.5627762925783,1065.5627762925728,1065.562776292579,1065.5627762925835,1065.5627762925892,1065.5627762925787,1065.5627762925897,1065.5627762925837,1065.5627762925892,1065.5627762925787,1065.5627762925897,1065.5627762925837,1065.5627762925783,1065.5627762925842,1065.5627762925842,1065.5627762925837,1065.5627762925783,1065.5627762925842,1065.5627762925842,1065.5627762925837
0,1710.1732382272849,1710.1732382272792,1710.1732382272858,1710.1732382272842,1710.1732382272849,1710.1732382272792,1710.1732382272858,1710.1732382272842,1710.1732382273003,1710.173238227285,1710.1732382273008,1710.173238227285,1710.1732382273062,1710.1732382272785,1710.173238227307,1710.1732382272933,1710.173238227294,1710.1732382272855,1710.1732382272853,1710.173238227285,1710.1732382272853,1710.173238227285,1710.1732382272858,1710.1732382272846
0,2474.862463288508,2474.8624632884907,2474.8624632885167,2474.862463288515,2474.8624632885158,2474.862463288489,2474.8624632885167,2474.862463288515,2474.8624632885303,2474.86246328851,2474.8624632885317,2474.8624632885158,2474.8624632885303,2474.86246328851,2474.8624632885317,2474.8624632885158,2474.862463288516,2474.8624632885167,2474.8624632885167,2474.8624632885144,2474.862463288516,2474.8624632885167,2474.8624632885167,2474.8624632885144
0,3382.419087072235,3382.419087072204,3382.419087072237,3382.419087072235,3382.419087072235,3382.419087072204,3382.419087072237,3382.419087072235,3382.419087072267,3382.4190870722277,3382.4190870722678,3382.419087072244,3382.4190870722664,3382.4190870722273,3382.4190870722678,3382.4190870722337,3382.419087072237,3382.419087072236,3382.4190870722373,3382.419087072233,3382.419087072237,3382.419087072236,3382.4190870722373,3382.419087072233
0,3382.419087072235,3382.419087072204,3382.419087072237,3382.419087072235,3382.419087072235,3382.419087072204,3382.419087072237,3382.419087072235,3382.419087072267,3382.4190870722277,3382.4190870722678,3382.419087072244,3382.4190870722664,3382.4190870722273,3382.4190870722678,3382.4190870722337,3382.419087072237,3382.419087072236,3382.4190870722373,3382.419087072233,3382.419087072237,3382.419087072236,3382.4190870722373,3382.419087072233
0,3382.419087072235,3382.419087072204,3382.419087072237,3382.419087072235,3382.419087072235,3382.419087072204,3382.419087072237,3382.419087072235,3382.419087072267,3382.4190870722277,3382.4190870722678,3382.419087072244,3382.4190870722664,3382.4190870722273,3382.4190870722678,3382.4190870722337,3382.419087072237,3382.419087072236,3382.4190870722373,3382.419087072233,3382.419087072237,3382.419087072236,3382.4190870722373,3382.419087072233
0,3382.419087072235,3382.419087072204,3382.419087072237,3382.419087072235,3382.419087072235,3382.419087072204,3382.419087072237,3382.419087072235,3382.419087072267,3382.4190870722277,3382.4190870722678,3382.419087072244,3382.4190870722664,3382.4190870722273,3382.4190870722678,3382.4190870722337,3382.419087072237,3382.419087072236,3382.4190870722373,3382.419087072233,3382.419087072237,3382.419087072236,3382.4190870722373,3382.419087072233
0,3382.419087072235,3382.419087072204,3382.419087072237,3382.419087072235,3382.419087072235,3382.419087072204,3382.419087072237,3382.419087072235,3382.419087072267,3382.4190870722277,3382.4190870722678,3382.419087072244,3382.4190870722664,3382.4190870722273,3382.4190870722678,3382.4190870722337,3382.419087072237,3382.419087072236,3382.4190870722373,3382.419087072233,3382.419087072237,3382.419087072236,3382.4190870722373,3382.419087072233
0,3382.419087072235,3382.419087072204,3382.419087072237,3382.419087072235,3382.419087072235,3382.419087072204,3382.419087072237,3382.419087072235,3382.419087072267,3382.4190870722277,3382.4190870722678,3382.419087072244,3382.4190870722664,3382.4190870722273,3382.4190870722678,3382.4190870722337,3382.419087072237,3382.419087072236,3382.4190870722373,3382.419087072233,3382.419087072237,3382.419087072236,3382.4190870722373,3382.419087072233
0,3382.419087072235,3382.419087072204,3382.419087072237,3382.419087072235,3382.419087072235,3382.419087072204,3382.419087072237,3382.419087072235,3382.419087072267,3382.4190870722277,3382.4190870722678,3382.419087072244,3382.4190870722664,3382.4190870722273,3382.4190870722678,3382.4190870722337,3382.419087072237,3382.419087072236,3382.4190870722373,3382.419087072233,3382.419087072237,3382.419087072236,3382.4190870722373,3382.419087072233
0,3382.419087072235,3382.419087072204,3382.419087072237,3382.419087072235,3382.419087072235,3382.419087072204,3382.419087072237,3382.419087072235,3382.419087072267,3382.4190870722277,3382.4190870722678,3382.419087072244,3382.4190870722664,3382.4190870722273,3382.4190870722678,3382.4190870722337,3382.419087072237,3382.419087072236,3382.4190870722373,3382.419087072233,3382.419087072237,3382.419087072236,3382.4190870722373,3382.419087072233
0,3382.419087072235,3382.419087072204,3382.419087072237,3382.419087072235,3382.419087072235,3382.419087072204,3382.419087072237,3382.419087072235,3382.419087072267,3382.4190870722277,3382.4190870722678,3382.419087072244,3382.4190870722664,3382.4190870722273,3382.4190870722678,3382.4190870722337,3382.419087072237,3382.419087072236,3382.4190870722373,3382.419087072233,3382.419087072237,3382.419087072236,3382.4190870722373,3382.419087072233
0,3382.419087072235,3382.419087072204,3382.419087072237,3382.419087072235,3382.419087072235,3382.419087072204,3382.419087072237,3382.419087072235,3382.419087072267,3382.4190870722277,3382.4190870722678,3382.419087072244,3382.4190870722664,3382.4190870722273,3382.4190870722678,3382.4190870722337,3382.419087072237,3382.419087072236,3382.4190870722373,3382.419087072233,3382.419087072237,3382.419087072236,3382.4190870722373,3382.419087072233
0,3382.419087072235,3382.419087072204,3382.419087072237,3382.419087072235,3382.419087072235,3382.419087072204,3382.419087072237,3382.419087072235,3382.419087072267,3382.4190870722277,3382.4190870722678,3382.419087072244,3382.4190870722664,3382.4190870722273,3382.4190870722678,3382.4190870722337,3382.419087072237,3382.419087072236,3382.4190870722373,3382.419087072233,3382.419087072237,3382.419087072236,3382.4190870722373,3382.419087072233
0,3382.419087072235,3382.419087072204,3382.419087072237,3382.419087072235,3382.419087072235,3382.419087072204,3382.419087072237,3382.419087072235,3382.419087072267,3382.4190870722277,3382.4190870722678,3382.419087072244,3382.4190870722664,3382.4190870722273,3382.4190870722678,3382.4190870722337,3382.419087072237,3382.419087072236,3382.4190870722373,3382.419087072233,3382.419087072237,3382.419087072236,3382.4190870722373,3382.419087072233
0,3382.419087072235,3382.419087072204,3382.419087072237,3382.419087072235,3382.419087072235,3382.419087072204,3382.419087072237,3382.419087072235,3382.419087072267,3382.4190870722277,3382.4190870722678,3382.419087072244,3382.4190870722664,3382.4190870722273,3382.4190870722678,3382.4190870722337,3382.419087072237,3382.419087072236,3382.4190870722373,3382.419087072233,3382.419087072237,3382.419087072236,3382.4190870722373,3382.419087072233
0,3382.419087074853,3382.419087073274,3382.4190870707807,3382.41908707163,3382.4190870703737,3382.419087072225,3382.419087069732,3382.4190870705875,3382.419087071996,3382.419087072755,3382.419087071768,3382.4190870733687,3382.4190870732027,3382.4190870707785,3382.4190870734938,3382.419087069639,3382.4190870746484,3382.41908707357,3382.419087071289,3382.4190870745706,3382.419087073968,3382.41908707072,3382.4190870706097,3382.4190870739194
0,3382.4191017618086,3382.4191031826504,3382.419076776193,3382.4190728970234,3382.4190707382486,3382.4190959048465,3382.419069504117,3382.4190657249246,3382.4190718682703,3382.419102385191,3382.4190774998124,3382.419096493407,3382.419102284266,3382.419071985774,3382.4191003959995,3382.419073665538,3382.4191089098777,3382.4191032882645,3382.4190784991783,3382.4191041221593,3382.4191014751177,3382.4190722660323,3382.419071129856,3382.419096975188
0,3382.4190977003154,3382.419098688906,3382.4190795441164,3382.419076839403,3382.4190752396976,3382.419093421642,3382.419074292891,3382.41907163663,3382.419076000243,3382.419098166455,3382.41908002903,3382.4190938384627,3382.4190981243883,3382.419076132229,3382.4190967653294,3382.4190773907167,3382.419103069244,3382.4190989443964,3382.4190807897785,3382.4190994930977,3382.4190976219943,3382.419076310741,3382.419075397339,3382.419094296669
0,3382.419097539674,3382.419098453368,3382.4190796420626,3382.4190770537134,3382.419075468913,3382.4190932774018,3382.41907448843,3382.419071936365,3382.419076133706,3382.4190979791,3382.4190800630536,3382.4190936622686,3382.4190979635414,3382.419076296166,3382.419096628597,3382.4190775453053,3382.4191029181907,3382.419098829332,3382.4190808400463,3382.4190993259344,3382.4190975250776,3382.41907646215,3382.4190755035597,3382.419094197813
0,3382.419097396714,3382.419098285617,3382.4190797336228,3382.419077204307,3382.419075633083,3382.4190931810203,3382.4190746574805,3382.419072153415,3382.4190762753365,3382.4190978304537,3382.41908015017,3382.4190935573565,3382.4190978177076,3382.419076443438,3382.4190965041203,3382.419077681758,3382.419102723836,3382.4190986794474,3382.419080919618,3382.4190991627593,3382.419097390989,3382.4190765999156,3382.419075644714,3382.41909410688
0,3382.4190973784275,3382.41909825677,3382.419079739253,3382.419077233512,3382.41907565849,3382.4190931612516,3382.4190746794275,3382.4190721875852,3382.419076293116,3382.419097809398,3382.4190801620425,3382.419093534227,3382.419097798638,3382.41907646344,3382.4190964888885,3382.419077703929,3382.419102706661,3382.419098661123,3382.419080931713,3382.419099141176,3382.4190973725076,3382.4190766155284,3382.419075657287,3382.4190940993494
0,3382.4190974195863,3382.419098293999,3382.4190797047913,3382.4190772057445,3382.419075618552,3382.4190931777043,3382.419074632702,3382.419072135266,3382.419076251632,3382.419097849265,3382.4190801385066,3382.4190935495844,3382.419097839641,3382.4190764231007,3382.419096525192,3382.4190776718438,3382.4191027732313,3382.4190987047723,3382.419080912102,3382.4190991858186,3382.4190974081266,3382.419076573129,3382.4190756087246,3382.419094130704
0,3382.4190965713865,3382.419097366011,3382.419080288878,3382.419078021362,3382.4190765531325,3382.4190926659307,3382.419075638163,3382.41907335983,3382.4190771252433,3382.4190969697715,3382.4190806892184,3382.4190930092927,3382.419096966909,3382.4190772922157,3382.4190957631854,3382.419078447762,3382.4191015253373,3382.4190977753415,3382.419081405511,3382.419098210212,3382.4190965813714,3382.4190774210947,3382.4190765197254,3382.4190935668466
0,3382.4190974600033,3382.4190983301046,3382.419079670436,3382.419077186699,3382.419075583169,3382.419093190562,3382.419074595488,3382.4190720854963,3382.4190762185503,3382.4190978843844,3382.4190801294926,3382.4190935595207,3382.4190978745937,3382.419076386939,3382.419096552995,3382.4190776451474,3382.419102829003,3382.4190987350808,3382.4190809066176,3382.4190992187123,3382.419097425484,3382.4190765360763,3382.4190755680456,3382.4190941611355
0,3382.419097654018,3382.4190985649766,3382.419079535125,3382.4190769865404,3382.4190753491,3382.419093321027,3382.419074368954,3382.419071777979,3382.419076037455,3382.4190980925896,3382.4190800474753,3382.4190937058843,3382.4190980685735,3382.4190761919817,3382.419096719431,3382.419077473357,3382.419103077622,3382.4190989121334,3382.419080826072,3382.419099425051,3382.419097572588,3382.419076346624,3382.4190753884322,3382.41909429074
0,3382.4191049399687,3382.4191068205487,3382.419074499748,3382.419069771697,3382.4190670506396,3382.4190979046707,3382.419065736378,3382.419060909442,3382.4190687397404,3382.4191057526095,3382.4190758121517,3382.4190986535996,3382.4191055162205,3382.419068757873,3382.419103199064,3382.419070860406,3382.4191133691747,3382.4191064983193,3382.419076934376,3382.419107638133,3382.4191042212624,3382.4190691020367,3382.41906790158,3382.419099144102
0,3382.4191106033245,3382.419113116388,3382.4190705868605,3382.419064298411,3382.419060723915,3382.4191013676514,3382.4190590697835,3382.419052613045,3382.419063000869,3382.4191116640254,3382.4190723872352,3382.4191023473663,3382.419111304146,3382.419062985714,3382.419108235824,3382.419065732457,3382.419121514404,3382.4191125000093,3382.419073830806,3382.419114032154,3382.4191094893026,3382.41906346231,3382.4190619589667,3382.4191029087656
0,3382.419026044417,3382.4190174738474,3382.4191290130457,3382.41914783282,3382.419156903952,3382.419048330876,3382.419159190448,3382.4191785438784,3382.419147731816,3382.419022835659,3382.419121659409,3382.4190450760984,3382.419024871207,3382.4191492732025,3382.4190330833044,3382.419142475068,3382.4190019470784,3382.419024367548,3382.419119056697,3382.419018721373,3382.419032244638,3382.419147508119,3382.4191489556133,3382.4190465936144
0,3382.418979867357,3382.4186233156106,3382.4192126502394,3382.4195488174946,3382.419354196425,3382.4187116669714,3382.4192993823926,3382.419636881176,3382.419165232448,3382.418949581484,3382.4191355592548,3382.418891462691,3382.4189821414984,3382.4191910605628,3382.418981595127,3382.4191970821043,3382.41892018642,3382.4189434267482,3382.419124261157,3382.418911895269,3382.41898207341,3382.419193759506,3382.419185285003,3382.418968353539
0,3382.419007561769,3382.418765079318,3382.419188942197,3382.419411206471,3382.4192902225104,3382.4188318599813,3382.419254306634,3382.4194777883654,3382.419149761596,3382.4189798934067,3382.4191240714754,3382.4189394251052,3382.419000480462,3382.419170318504,3382.4190018660997,3382.419168459366,3382.4189558873204,3382.4189766400814,3382.4191166367605,3382.4189474400087,3382.419004268848,3382.41917185369,3382.4191643438744,3382.418991419955
0,3382.419038175408,3382.41885287025,3382.419165623146,3382.419327947584,3382.419240607752,3382.418900740735,3382.4192124046513,3382.419375695001,3382.419124812665,3382.419012049983,3382.4191074549726,3382.4189731912898,3382.419026607786,3382.4191429925136,3382.419026792305,3382.4191389788393,3382.4189985389285,3382.4190114428475,3382.4191031078835,3382.4189841373964,3382.4190315810347,3382.4191442940287,3382.419135680492,3382.4190140063174
0,3382.4189493348968,3382.4185828788595,3382.4192558668465,3382.4195926253137,3382.4194145657348,3382.418693030062,3382.4193630650648,3382.4197025094636,3382.4192017548394,3382.41890594242,3382.4191564081257,3382.418853103116,3382.4189361052822,3382.419232230382,3382.4189410317867,3382.4192259167303,3382.4188584580374,3382.418897980038,3382.419143282169,3382.418853000157,3382.418942143832,3382.4192340908776,3382.4192258153294,3382.418928594512
0,3382.419015661144,3382.4187705782906,3382.419200201917,3382.4194129578063,3382.4193027155893,3382.4188386039255,3382.419266323518,3382.4194808421194,3382.419145265098,3382.41897815666,3382.4191183912444,3382.418928569974,3382.418996863866,3382.4191701343393,3382.4189983825017,3382.4191619405697,3382.4189565852475,3382.4189774670476,3382.419112468365,3382.418938379689,3382.4190051472197,3382.4191717695644,3382.4191603463087,3382.4189819817802
0,3382.419006359059,3382.4187312290296,3382.4192163554335,3382.419453995561,3382.4193321604275,3382.41880851726,3382.4192912993694,3382.4195311404997,3382.4191534598904,3382.4189629338225,3382.4191222680565,3382.418906967279,3382.4189836984697,3382.419181926856,3382.418985737504,3382.4191716398955,3382.418938645489,3382.4189627646506,3382.419115834539,3382.418917566845,3382.4189940065967,3382.419183714049,3382.4191704171144,3382.4189670961473
0,3382.4190132795748,3382.4187490155473,3382.4192127176075,3382.4194377646204,3382.419323547757,3382.4188226896954,3382.419284013583,3382.4195113176884,3382.41914772474,3382.418969312632,3382.4191180511853,3382.4189124857417,3382.4189888005594,3382.4191762587225,3382.4189905107046,3382.419165111869,3382.41894764368,3382.4189701270716,3382.4191124767676,3382.4189241853164,3382.418999886715,3382.4191780822407,3382.4191639839364,3382.418970745882
0,3382.419016235433,3382.4187559659604,3382.4192116253535,3382.4194315930463,3382.4193205969977,3382.4188283051017,3382.4192814888793,3382.4195038261014,3382.419145435052,3382.418971671829,3382.4191162518573,3382.418914297135,3382.418990669379,3382.4191740381825,3382.418992277344,3382.419162336712,3382.4189511217555,3382.4189729896493,3382.419111038522,3382.418926531866,3382.419002216074,3382.419175891913,3382.4191614140454,3382.418971915667
0,3382.4190178230983,3382.418761233974,3382.4192110243594,3382.4194267308294,3382.4193186061425,3382.418832786452,3382.4192799929288,3382.4194981890023,3382.4191444319736,3382.4189729070044,3382.4191153716065,3382.4189156606553,3382.418991501282,3382.4191729633776,3382.4189931403957,3382.419160785228,3382.4189528562,3382.418974536552,3382.4191103722505,3382.4189278140866,3382.4190033989876,3382.419174825706,3382.419160206041,3382.418972575683
0,3382.418985992714,3382.418729826179,3382.4192336722763,3382.4194535132283,3382.4193529808517,3382.4188172526824,3382.4193175645437,3382.419540829679,3382.4191776533885,3382.4189398605004,3382.419135863771,3382.4188965066487,3382.418958251823,3382.4192058654307,3382.4189644138187,3382.4191894289347,3382.4189051201865,3382.418939661795,3382.4191286244177,3382.4188911455867,3382.4189725982997,3382.419206994068,3382.419195182316,3382.4189509307253
0,3382.419008670051,3382.418756993231,3382.4192177605464,3382.4194296917494,3382.4193280958666,3382.418833118594,3382.4192908104883,3382.419505732892,3382.419154464418,3382.4189628250438,3382.4191206164523,3382.418910411125,3382.4189811736496,3382.419182932179,3382.4189843771005,3382.419168823943,3382.418939402082,3382.41896517653,3382.4191154438395,3382.4189172223005,3382.418994947049,3382.4191846089557,3382.419170220444,3382.4189662152876
0,3382.418962696803,3382.4187093185747,3382.419250021164,3382.4194704736374,3382.4193782113052,3382.418808489227,3382.4193447326593,3382.4195695372887,3382.4192018514295,3382.4189151033725,3382.41914939698,3382.418882034526,3382.418933689749,3382.4192300691607,3382.4189432813882,3382.4192102261895,3382.4188715849655,3382.4189155807967,3382.4191412246546,3382.4188649043454,3382.418951332155,3382.4192307351395,3382.419219900693,3382.4189353376464
0,3382.4189873650107,3382.4187382265313,3382.4192326144184,3382.4194452064194,3382.4193513310925,3382.4188251125715,3382.41931561846,3382.4195320078643,3382.4191764735074,3382.4189400545315,3382.4191326111136,3382.4188969045153,3382.4189587356204,3382.419205047745,3382.418965054264,3382.419187838453,3382.4189091802814,3382.418943517739,3382.4191267618344,3382.418893382001,3382.4189758291263,3382.4192063188702,3382.419192504197,3382.4189520376585
0,3382.4189460651096,3382.418695393121,3382.4192614070926,3382.4194817509406,3382.4193962621157,3382.418802982888,3382.4193638270035,3382.419589238047,3382.4192189333185,3382.418897201231,3382.419158217064,3382.4188713999397,3382.418916209209,3382.419247294406,3382.4189282504126,3382.4192250083156,3382.418848603565,3382.4188992603686,3382.419149764635,3382.4188466509277,3382.4189369381106,3382.419247681999,3382.4192369222533,3382.4189244718073
0,3382.4189692455143,3382.418722724589,3382.419244864509,3382.419457811043,3382.419370723226,3382.4188186747433,3382.419336251617,3382.4195536756724,3382.4191950593076,3382.4189207789063,3382.419142511114,3382.418885593159,3382.41893987032,3382.4192236988756,3382.418948803971,3382.4192039714117,3382.41888402112,3382.418925559654,3382.419136220697,3382.4188735792277,3382.4189599687365,3382.419224660087,3382.4192111459356,3382.418940320425
0,3382.418933971818,3382.4186863674518,3382.419269354757,3382.4194887655176,3382.419409006875,3382.4187999780447,3382.419377304913,3382.4196022749297,3382.419231302558,3382.4188841697305,3382.4191642657465,3382.4188638410765,3382.4189035856916,3382.4192597514575,3382.418917398444,3382.419235701529,3382.4188324562215,3382.4188879160615,3382.4191558111834,3382.4188337973724,3382.4189268829473,3382.4192599753933,3382.419248984891,3382.418916869271
0,3382.4189557639775,3382.4187121079494,3382.419253716255,3382.419466221905,3382.4193849613484,3382.418814736683,3382.419351319916,3382.419568761935,3382.4192088413447,3382.4189063213857,3382.4191494449287,3382.418877173123,3382.4189258608912,3382.419237549275,3382.418936730027,3382.419215926694,3382.418865886785,3382.418912730937,3382.419143063791,3382.4188591929747,3382.4189485963275,3382.4192383205527,3382.419224664719,3382.418931840148
0,3382.418924789603,3382.418680402504,3382.4192751135297,3382.419493176869,3382.4194184740622,3382.41879849134,3382.4193872624846,3382.4196111606275,3382.4192406557286,3382.418874175084,3382.4191684817224,3382.4188581183553,3382.4188940334393,3382.4192691839417,3382.4189091707385,3382.4192437825495,3382.418820756846,3382.418879795337,3382.4191602480264,3382.4188243719136,3382.418919625548,3382.4192693185682,3382.4192578050233,3382.418911340041
0,3382.4189451058446,3382.4187045182994,3382.419260430873,3382.419472042971,3382.4193959558634,3382.4188123154227,3382.4193629431593,3382.4195797432726,3382.4192196932295,3382.418894853273,3382.4191546374814,3382.4188705991955,3382.4189148482637,3382.4192484559353,3382.418927221667,3382.4192253488663,3382.41885204332,3382.418903011142,3382.419148363878,3382.418848142554,3382.4189399161646,3382.4192491028093,3382.4192350588955,3382.4189253814825
0,3382.4189174111825,3382.41867634967,3382.419279463921,3382.4194959806773,3382.4194258474554,3382.4187979140684,3382.4193950069603,3382.4196174291383,3382.4192481208456,3382.418866104452,3382.4191715969964,3382.418853576387,3382.4188864179173,3382.419276726073,3382.418902585564,3382.4192502572178,3382.4188118466805,3382.418873673826,3382.4191637183844,3382.418817096942,3382.418914079072,3382.4192768088324,3382.419264590231,3382.418907131429
0,3382.4189365086418,3382.4186990707003,3382.419265586856,3382.4194760692367,3382.419404648361,3382.4188109276142,3382.419372092605,3382.4195878148125,3382.4192283838097,3382.418885539448,3382.4191585172257,3382.418865294742,3382.418906014077,3382.4192572247084,3382.4189195687795,3382.419232932708,3382.4188413913653,3382.418895593276,3382.419152523295,3382.4188395152783,3382.418933220268,3382.419257788449,3382.419243116851,3382.4189203907686
0,3382.418913209966,3382.418675631064,3382.4192814789976,3382.419495972707,3382.4194297353656,3382.418799007916,3382.41939898657,3382.419619216034,3382.4192522726958,3382.418861317291,3382.4191726607087,3382.4188509520955,3382.4188821150824,3382.419280999585,3382.418898838766,3382.4192538881416,3382.418807809336,3382.4188710897984,3382.419165404724,3382.4188135119284,3382.418911600782,3382.419281094253,3382.419267805813,3382.4189051343265
0,3382.4189305855707,3382.418696427239,3382.4192687705104,3382.4194777310136,3382.4194103842665,3382.418810937017,3382.4193780639575,3382.419592108372,3382.419234286381,3382.41887900626,3382.419160693321,3382.418861628289,3382.4188999744974,3382.4192632398554,3382.418914312784,3382.4192381253783,3382.4188348254265,3382.418891137608,3382.41915519498,3382.418833994815,3382.4189290892164,3382.4192637688984,3382.4192481820846,3382.4189172661745
0,3382.4189121272602,3382.4186782086954,3382.419281218269,3382.419493168915,3382.4194301718703,3382.4188017739443,3382.4193992652135,3382.4196165767466,3382.419253184943,3382.418859776296,3382.419171750172,3382.418850255154,3382.418881059498,3382.419282068085,3382.41889788762,3382.419254725671,3382.4188084936523,3382.4188719383,3382.4191653567464,3382.418813533886,3382.418912102198,3382.419282229886,3382.4192675648,3382.4189052960746
0,3382.4189274787036,3382.4186967779997,3382.4192698939223,3382.419476842727,3382.419412963103,3382.4188124695065,3382.419380674318,3382.419592374806,3382.419237271908,3382.418875428602,3382.4191611231045,3382.4188597480384,3382.418896874173,3382.41926635679,3382.4189115933023,3382.419240794924,3382.4188324878237,3382.418889754824,3382.4191563193353,3382.4188317335093,3382.4189276238267,3382.4192668967257,3382.419250155557,3382.41891609636
0,3382.4189142073965,3382.4186841755245,3382.4192786636127,3382.4194874554614,3382.419427047493,3382.4188062947915,3382.4193957626558,3382.4196093887986,3382.4192508322108,3382.4188615647467,3382.4191688927567,3382.4188515933597,3382.418883299116,3382.4192798830213,3382.418899792353,3382.4192527226105,3382.4188138811182,3382.418876216488,3382.419163570277,3382.418817208094,3382.418915589114,3382.4192801630593,3382.4192638890554,3382.4189076407947
0,3382.418927284605,3382.4187002872645,3382.4192689029123,3382.419473229171,3382.419412211714,3382.418815649804,3382.419379782552,3382.419588401055,3382.4192372706198,3382.4188749420546,3382.4191598130606,3382.418859802824,3382.418896810795,3382.41926647598,3382.4189115127647,3382.4192408464683,3382.418834425334,3382.418891488648,3382.4191558713965,3382.418832832332,3382.4189288689945,3382.419267070756,3382.4192490124074,3382.4189169403694
0,3382.4189185102186,3382.418692581239,3382.419274488926,3382.4194796145975,3382.4194213099167,3382.4188120984422,3382.419389551153,3382.419598914397,3382.419246214413,3382.41886575608,3382.419164769073,3382.418854491232,3382.4188878689592,3382.419275402199,3382.418903734708,3382.4192487189744,3382.418822465331,3382.418882826627,3382.4191606129807,3382.4188234516914,3382.418921104474,3382.4192758271024,3382.419257890621,3382.4189115305117
0,3382.4189294931375,3382.418706470503,3382.419266160009,3382.4194672710864,3382.4194086059124,3382.4188202528735,3382.4193759484197,3382.4195808292957,3382.4192348307415,3382.418877065995,3382.419157156676,3382.4188615782223,3382.4188992684076,3382.419264111188,3382.4189136400023,3382.4192387323546,3382.4188397923763,3382.4188957265033,3382.4191541681703,3382.418836710233,3382.418932293223,3382.419264790423,3382.4192453814403,3382.418919456679
0,3382.418924455357,3382.4187028618885,3382.419269102286,3382.41947009865,3382.419413516268,3382.4188189131055,3382.41938127346,3382.419585900113,3382.4192399478334,3382.418871794693,3382.4191598096622,3382.418858683474,3382.4188941829657,3382.4192692100023,3382.418909220277,3382.4192432310583,3382.418833309557,3382.418891087848,3382.419156838007,3382.4188316070995,3382.418928056064,3382.4192697911667,3382.4192502641326,3382.4189165789167
0,3382.418933582589,3382.4187148554797,3382.4192620427016,3382.419459345742,3382.419402629864,3382.418826064029,3382.4193697571436,3382.4195702964075,3382.4192305308557,3382.4188813018072,3382.4191535814957,3382.418864863055,3382.4189037078545,3382.419259795504,3382.4189175190113,3382.4192349156983,3382.418847699027,3382.4189018184443,3382.4191515532566,3382.4188427566214,3382.4189373266718,3382.419260577387,3382.419239923425,3382.418923289785
0,3382.4189305401587,3382.418713485048,3382.419263568958,3382.4194602108078,3382.419405225297,3382.418825945764,3382.4193726778867,3382.4195723889516,3382.419233621923,3382.4188781689077,3382.41915507922,3382.4188633505482,3382.4189006918764,3382.419262844733,3382.418914911922,3382.4192376112587,3382.4188440659973,3382.418899271709,3382.419153154926,3382.4188399353516,3382.4189349203257,3382.4192635595973,3382.419242733603,3382.418921769125
0,3382.418938335207,3382.4187241122027,3382.419257405316,3382.4194505941778,3382.4193956382933,3382.418832373827,3382.4193626381784,3382.4195585646007,3382.419225603949,3382.4188863843965,3382.419149818267,3382.418868875353,3382.4189088814055,3382.4192547705497,3382.4189220709573,3382.4192304934204,3382.4188563792673,3382.4189084740515,3382.419148684723,3382.418849595793,3382.4189428439167,3382.4192556453922,3382.4192339289916,3382.418927621647
0,3382.418935480241,3382.418723019252,3382.41925877517,3382.4194511892933,3382.419397894829,3382.418832417448,3382.4193652741624,3382.4195602709524,3382.419228524836,3382.418883522804,3382.419151307302,3382.4188676243994,3382.418906082673,3382.419257613885,3382.418919667237,3382.419233018575,3382.4188529284797,3382.418906056668,3382.4191502387816,3382.4188470012946,3382.4189405436327,3382.4192584140874,3382.4192366179236,3382.4189262499267
0,3382.4189426564176,3382.418729927161,3382.419252630519,3382.4194449622296,3382.4193877319353,3382.4188351550156,3382.4193552380575,3382.419549865918,3382.4192214557856,3382.418891305764,3382.419146667022,3382.4188739369047,3382.4189136001783,3382.419250208937,3382.418926372964,3382.419226420742,3382.418864301405,3382.4189147288257,3382.4191463450607,3382.4188564579417,3382.418947830094,3382.4192510967086,3382.419228690984,3382.4189321472777
0,3382.418940430083,3382.4187285858015,3382.419253315602,3382.4194457726717,3382.419388693176,3382.4188345047455,3382.4193567375464,3382.4195513430577,3382.4192237626557,3382.418889303164,3382.4191478495286,3382.418873621198,3382.418911526396,3382.4192523606234,3382.418924648632,3382.419228360628,3382.4188618374346,3382.4189130913155,3382.4191476120973,3382.418854866514,3382.4189461605033,3382.4192531645913,3382.4192307429057,3382.4189314429946
0,3382.4189467322935,3382.418739140556,3382.419248327592,3382.4194360507036,3382.4193810364673,3382.4188417035643,3382.419348623632,3382.4195382573294,3382.4192172030425,3382.418896019163,3382.4191436470337,3382.418877988519,3382.4189182514824,3382.4192457621043,3382.4189305184273,3382.419222595121,3382.418871754997,3382.4189204594595,3382.4191439878073,3382.4188626479,3382.418952549567,3382.4192466973695,3382.4192236367244,3382.4189361429835
0,3382.418945286395,3382.4187399170714,3382.419248747704,3382.419434972685,3382.4193816609845,3382.418842916274,3382.4193495941518,3382.4195375923373,3382.4192187412727,3382.418894681541,3382.419144432807,3382.418877751602,3382.4189169047736,3382.4192471646247,3382.4189293975273,3382.419223844443,3382.4188701601015,3382.4189193926427,3382.419144841066,3382.418861596819,3382.4189514410386,3382.419248040638,3382.419224971909,3382.418935683452
0,3382.418950707224,3382.418741347321,3382.419243857821,3382.4194338806674,3382.419373985411,3382.4188412077524,3382.419341758753,3382.4195333544417,3382.419213103664,3382.418900813307,3382.4191408802053,3382.4188824908438,3382.4189229629874,3382.4192412998664,3382.418934746407,3382.4192189216265,3382.418878995345,3382.4189260263774,3382.4191417808643,3382.4188690561514,3382.418957118575,3382.419242263189,3382.4192187970443,3382.418940377984
0,3382.4189492963433,3382.418744516202,3382.41924369196,3382.419430239697,3382.419374416352,3382.418844767158,3382.4193420864704,3382.41953008211,3382.419213890802,3382.4189000991105,3382.4191413512626,3382.418882184865,3382.418922390083,3382.419242149742,3382.4189342099035,3382.419220129759,3382.418878224288,3382.4189254393705,3382.419142273603,3382.418868668724,3382.418956606431,3382.419243113529,3382.4192195478186,3382.41894035825
0,3382.418954352623,3382.418746471806,3382.4192419378924,3382.419429665831,3382.41936733765,3382.4188438221386,3382.4193375948716,3382.4195266014835,3382.419208855851,3382.4189056050377,3382.41913759821,3382.418887071704,3382.4189278865197,3382.4192369913662,3382.4189390282263,3382.4192161317214,3382.4188855793827,3382.4189315266785,3382.4191391565355,3382.418872813975,3382.4189609727664,3382.419237385776,3382.4192134820887,3382.418941863715
0,3382.418953322106,3382.4187486206492,3382.419241609508,3382.419427098229,3382.41936676439,3382.418846042577,3382.419337432219,3382.4195240857302,3382.4192091893133,3382.4189055608626,3382.4191378179175,3382.4188875896275,3382.418927967497,3382.41923735355,3382.4189391664954,3382.4192171207746,3382.418885395022,3382.418931483787,3382.4191394180207,3382.418872814817,3382.418960743373,3382.419237497352,3382.419213702072,3382.4189419379545
0,3382.41895785573,3382.4187506895423,3382.4192424109187,3382.4194272141867,3382.419364746486,3382.4188465354323,3382.4193367776397,3382.4195226151883,3382.4192039100353,3382.4189097127755,3382.4191339733356,3382.4188883700854,3382.4189293794607,3382.4192348438746,3382.4189401305875,3382.419213191053,3382.4188912051177,3382.4189359074444,3382.4191359795245,3382.4188739157876,3382.418964858428,3382.419235333933,3382.4192085940085,3382.4189415832784
0,3382.4189560581367,3382.4187521640733,3382.4192375419466,3382.4194232977898,3382.4193639238883,3382.418848209149,3382.419332185756,3382.4195188776644,3382.419203955481,3382.4189101000125,3382.4191350953697,3382.418888341258,3382.4189285718007,3382.4192355923997,3382.418939441891,3382.419213674623,3382.418892212849,3382.418935818551,3382.4191367018357,3382.4188782506167,3382.4189662810813,3382.4192372796037,3382.4192097331124,3382.4189464249484
0,3382.418959489575,3382.418753519075,3382.4192375606344,3382.4194232946097,3382.419359117012,3382.4188475983196,3382.419330350731,3382.419516902232,3382.419202245413,3382.418912337247,3382.4191327890276,3382.4188919972153,3382.4189348630352,3382.419230464618,3382.418944477571,3382.419211691416,3382.4188951062806,3382.418939501046,3382.4191359952993,3382.4188797884003,3382.4189667733103,3382.4192313991566,3382.41920665596,3382.418945816627
0,3382.4189585630525,3382.418755773319,3382.4192352732516,3382.419419890627,3382.4193579545417,3382.418849772462,3382.419328056687,3382.4195134009747,3382.4192026900773,3382.4189124266427,3382.419133449026,3382.418892708619,3382.418936121985,3382.4192298372136,3382.418945460943,3382.4192123377024,3382.4188951163906,3382.4189395327103,3382.4191368533598,3382.4188817924087,3382.4189666112707,3382.4192310033454,3382.4192073487684,3382.418947758459
0,3382.418961163417,3382.418757620973,3382.419234825576,3382.419418981438,3382.419356725365,3382.4188506962696,3382.4193267618066,3382.419511554754,3382.419201332454,3382.4189134029098,3382.419131862399,3382.418893190555,3382.4189366412224,3382.4192284422475,3382.4189456266295,3382.419209790413,3382.41890063689,3382.4189415926317,3382.4191328597562,3382.4188831699134,3382.418971391903,3382.419230295081,3382.4192026291857,3382.418948540074
0,3382.418961023293,3382.4187586937346,3382.4192339235146,3382.419417571227,3382.4193555411853,3382.4188515025494,3382.419325656394,3382.41950986148,3382.4192021382128,3382.418913063907,3382.419132111585,3382.418894134115,3382.418937216673,3382.419227975322,3382.4189458631467,3382.419209817077,3382.4189017310987,3382.418941790457,3382.4191322607426,3382.41888401588,3382.418972358384,3382.4192302186025,3382.4192019089887,3382.418949356264
0,3382.418963375965,3382.418760246921,3382.4192338592875,3382.4194169825482,3382.4193539144835,3382.418852100894,3382.4193247087323,3382.419508307112,3382.419196769064,3382.4189189977624,3382.419132257799,3382.418895421056,3382.4189370471763,3382.4192272158684,3382.418945734284,3382.419207488448,3382.4189028023134,3382.4189422251234,3382.4191316972565,3382.4188846382885,3382.4189731522774,3382.419229851317,3382.4192010870765,3382.418949852775
0,3382.4189630767996,3382.4187610563454,3382.4192331441427,3382.4194158029513,3382.419352659719,3382.4188526712755,3382.4193238214657,3382.4195068780355,3382.4191954177513,3382.418920725538,3382.419132277112,3382.4188963819847,3382.418941758662,3382.419224431397,3382.418949625574,3382.4192086595704,3382.4189035757718,3382.4189426747744,3382.419131454309,3382.4188853324886,3382.418972844697,3382.4192260729906,3382.419199779948,3382.418949610508
0,3382.4189647856288,3382.4187619309046,3382.4192311755965,3382.419414873666,3382.4193518775496,3382.4188529442363,3382.4193213070794,3382.4195053342373,3382.4191944581703,3382.418922657274,3382.4191341906035,3382.4188969794022,3382.4189431678906,3382.4192225801335,3382.4189503601565,3382.419206749186,3382.4189053173336,3382.41894140148,3382.4191301018573,3382.4188873236835,3382.4189746422694,3382.419225313133,3382.4191984959693,3382.4189517664054
0,3382.4189648209745,3382.418762681439,3382.419230423312,3382.4194139130245,3382.4193499591192,3382.418853223558,3382.4193201391818,3382.4195038923326,3382.4191926911717,3382.418923384004,3382.4191307011242,3382.41889769696,3382.418944595745,3382.4192215259864,3382.41895124251,3382.4192068238094,3382.418907095816,3382.418945530426,3382.419130634078,3382.418888970295,3382.418975183653,3382.4192245006643,3382.4191978048893,3382.418952299755
0,3382.41896561972,3382.4187635645912,3382.419229761169,3382.4194131312215,3382.4193488415817,3382.418853644007,3382.419319062542,3382.4195026359084,3382.419191898849,3382.4189243974715,3382.4191304870847,3382.4188984522716,3382.418945611786,3382.419220458276,3382.4189518372573,3382.4192060763867,3382.4189086234614,3382.4189461850824,3382.419129807679,3382.4188899020187,3382.4189763383633,3382.419223822868,3382.4191966166154,3382.418952957627
0,3382.4189655679384,3382.4187642982347,3382.419229082171,3382.4194121612045,3382.419347756718,3382.4188541241724,3382.4193181743194,3382.4195014002285,3382.419191182568,3382.4189252352753,3382.4191300633283,3382.418899168437,3382.418946581249,3382.419219748607,3382.4189524318945,3382.4192061556696,3382.418909326521,3382.4189470150445,3382.4191298000646,3382.4188907089297,3382.418976676496,3382.41922333179,3382.4191962537766,3382.41895348919
0,3382.4189678285916,3382.418765577186,3382.419228882911,3382.4194117122925,3382.4193467659607,3382.41885462815,3382.4193172420933,3382.4195001659077,3382.41919064629,3382.4189259710547,3382.4191298891146,3382.418899832174,3382.418946964927,3382.4192187004815,3382.4189528343295,3382.4192040049593,3382.418909903615,3382.418947587763,3382.4191298283695,3382.4188915133054,3382.4189768646233,3382.419222486777,3382.419195904452,3382.418953998518
0,3382.4189683918726,3382.4187665555214,3382.4192285067134,3382.4194108450934,3382.4193458143195,3382.418855241302,3382.4193165385814,3382.419498921909,3382.4191902549555,3382.4189266111352,3382.4191298047854,3382.418900542849,3382.4189474737145,3382.4192181483822,3382.418953235424,3382.4192034862544,3382.418910252065,3382.418948015593,3382.419129917829,3382.4188920735082,3382.418976955368,3382.419222021173,3382.4191957451712,3382.418954380316
0,3382.4189689634386,3382.4187675836265,3382.419228241538,3382.4194099742035,3382.4193449356926,3382.41885592013,3382.4193159590864,3382.419497690162,3382.4191900237847,3382.418927200818,3382.419129980147,3382.418901278385,3382.418947874692,3382.419217653701,3382.418953515141,3382.41920295361,3382.4189107873344,3382.4189481392295,3382.4191296356703,3382.41889245196,3382.418977331621,3382.419221654643,3382.419195312368,3382.4189546728608
0,3382.4189694125216,3382.4187686509063,3382.419228066635,3382.4194090538454,3382.419344007604,3382.4188566565595,3382.419315486327,3382.4194964281583,3382.4191896662946,3382.418927496953,3382.4191292135283,3382.418901855954,3382.418948188268,3382.4192172551884,3382.4189537028933,3382.4192025372636,3382.4189110248353,3382.4189492019805,3382.4191300428147,3382.418892934633,3382.418977213861,3382.419221391466,3382.4191953725726,3382.4189548727727
0,3382.418969724002,3382.4187697142,3382.4192277244224,3382.4194080365023,3382.419343167873,3382.418857442251,3382.419314896374,3382.4194951216978,3382.4191896437906,3382.418927893584,3382.4191294083053,3382.4189025809674,3382.4189483876553,3382.419216904922,3382.418953632999,3382.419202171846,3382.4189138063707,3382.418949264332,3382.4191275178828,3382.418893283243,3382.418979949174,3382.4192214154027,3382.4191928086093,3382.4189552374182
0,3382.4189706488887,3382.418770844597,3382.419227027556,3382.4194069996447,3382.419342330568,3382.418858155075,3382.419313813243,3382.419493660681,3382.4191895408217,3382.418928100406,3382.419129195737,3382.4189030516154,3382.4189496914405,3382.4192177812265,3382.4189590829137,3382.4192024490167,3382.4189148857395,3382.418949881102,3382.419127120932,3382.418894306442,3382.418979527562,3382.419215871809,3382.419190920484,3382.41895484632
0,3382.418972162389,3382.4187718802614,3382.4192249840758,3382.4194057820787,3382.419341698939,3382.418858681681,3382.419311289964,3382.4194919266065,3382.4191896645516,3382.4189283508185,3382.419129951287,3382.4189032380036,3382.4189523178834,3382.4192149477035,3382.4189601737476,3382.4192008017585,3382.4189163330234,3382.4189497275534,3382.41912658811,3382.4188966058587,3382.418980716058,3382.419214805685,3382.4191901406075,3382.418956965176
0,3382.4189725959113,3382.418772952122,3382.4192240062175,3382.4194045551612,3382.419340436723,3382.418859353411,3382.4193099414238,3382.41949029541,3382.419187208914,3382.4189295826527,3382.4191266304642,3382.4189033010266,3382.4189534861544,3382.419214300074,3382.418961741958,3382.419200574383,3382.4189181308157,3382.4189535933174,3382.4191270794613,3382.4188985194105,3382.4189811933425,3382.4192132814333,3382.419189324157,3382.4189576498934
0,3382.418973046687,3382.418774055918,3382.4192230353315,3382.4194032875034,3382.419339435032,3382.4188601127894,3382.4193086506807,3382.4194886762907,3382.4191868142775,3382.4189298870997,3382.419125883015,3382.4189037729648,3382.4189545459813,3382.4192136554975,3382.4189631173936,3382.4192002718432,3382.4189195051013,3382.4189547946135,3382.4191267308543,3382.418899821916,3382.418981935029,3382.4192119591403,3382.419188351847,3382.418958387023
0,3382.4189733739195,3382.4187751810414,3382.419222133316,3382.4194019758306,3382.419338470484,3382.41886093169,3382.4193074651685,3382.4194870514457,3382.419186411475,3382.418930171723,3382.419125093228,3382.4189042197695,3382.418955438479,3382.4192131489967,3382.41896433056,3382.4192000600465,3382.4189203543833,3382.418956016559,3382.419126869865,3382.418901039489,3382.4189821926843,3382.4192108204725,3382.4191879075343,3382.4189590756546
0,3382.4189735661957,3382.4187763275604,3382.419221364353,3382.4194006425278,3382.4193375828586,3382.4188618219255,3382.419306460677,3382.419485454566,3382.419186207643,3382.4189303924995,3382.4191246108085,3382.4189047126047,3382.418956170429,3382.419212786153,3382.418965377389,3382.4191999683867,3382.4189212581196,3382.418956875926,3382.4191267186347,3382.418902008281,3382.418982634124,3382.4192098527133,3382.4191873013315,3382.4189596381116
0,3382.4189736218004,3382.418777464657,3382.419220627042,3382.419399275367,3382.4193367080507,3382.4188627380836,3382.419305521481,3382.419483859051,3382.419186148908,3382.4189304955507,3382.419124189567,3382.4189052226066,3382.418956735826,3382.419212569356,3382.418966277215,3382.419199975794,3382.4189216423665,3382.418957662783,3382.419127019,3382.418902905243,3382.418982617931,3382.4192090629685,3382.419187207789,3382.4189601853923
0,3382.4189734262463,3382.4187785439553,3382.4192198278524,3382.4193978571902,3382.4193359467263,3382.418863681969,3382.4193046040264,3382.4194822971012,3382.419186305749,3382.418930517612,3382.4191241108683,3382.4189057259637,3382.4189570499034,3382.4192124313395,3382.418966605689,3382.419200083641,3382.4189232058116,3382.418958056748,3382.419125970009,3382.4189036964517,3382.418984024649,3382.4192088951722,3382.4191860073533,3382.4189608617976
0,3382.418978141536,3382.4187807181042,3382.4192199858253,3382.419397585057,3382.419335385437,3382.418864612579,3382.4193035359294,3382.419480778785,3382.4191854323863,3382.418931409986,3382.4191239197526,3382.4189059200653,3382.418956293648,3382.419211562692,3382.418966888783,3382.4191955278175,3382.4189236856078,3382.4189585888075,3382.41912614842,3382.418904712334,3382.418984046393,3382.419207630666,3382.4191857384417,3382.4189614847887
0,3382.4189779429353,3382.4187815435253,3382.419217988636,3382.419395903752,3382.4193349120173,3382.4188653744322,3382.4193014959837,3382.419479032086,3382.419185926292,3382.4189312450326,3382.419124625461,3382.4189060582257,3382.4189631758472,3382.419205526383,3382.4189688050715,3382.4191958269203,3382.418924391158,3382.418958366779,3382.41912614634,3382.4189065694777,3382.418984391106,3382.419206041477,3382.419185389773,3382.418963055141
0,3382.4189800526156,3382.418783072379,3382.4192178123894,3382.4193951653624,3382.419332479816,3382.4188658384373,3382.419300279662,3382.419477237298,3382.419177789328,3382.4189390773918,3382.419122373446,3382.418907473691,3382.4189656217013,3382.4192026197984,3382.4189694878933,3382.41919392688,3382.4189249302044,3382.4189614490488,3382.419127342898,3382.418907895192,3382.4189838786297,3382.4192049181947,3382.4191855602953,3382.418963451231
0,3382.418980311454,3382.418784116739,3382.41921731473,3382.4193940658,3382.419331094504,3382.4188664961925,3382.419299412241,3382.4194757494024,3382.41917549417,3382.418942012697,3382.4191227844976,3382.418908693487,3382.4189676673122,3382.4192006981175,3382.4189699823883,3382.419193729079,3382.4189270745383,3382.418961489071,3382.41912547815,3382.418908398331,3382.4189858610175,3382.419204408793,3382.419183546106,3382.4189638549783
0,3382.418980403637,3382.418785079397,3382.419217094394,3382.4193930881715,3382.419329595583,3382.418867085674,3382.419298834322,3382.4194743978624,3382.41917312579,3382.4189439686693,3382.4191208556585,3382.41890951335,3382.418969135112,3382.419199200742,3382.4189699994004,3382.419193625849,3382.418927353773,3382.4189638672137,3382.419126432785,3382.418909157381,3382.4189855420846,3382.4192043853013,3382.4191839138384,3382.4189640778327
0,3382.418980122189,3382.4187858564565,3382.4192169155885,3382.4193921691576,3382.419328693758,3382.4188677161073,3382.419298521771,3382.4194733275217,3382.4191719112164,3382.418945738181,3382.419121359325,3382.418910427143,3382.418970099383,3382.4191982027473,3382.4189696946537,3382.4191938198665,3382.418928789131,3382.4189636026695,3382.419124947408,3382.418909160056,3382.418987103579,3382.4192047470497,3382.419182562373,3382.418964246488
0,3382.418984512483,3382.418787409524,3382.4192170436836,3382.4193923184025,3382.419327576359,3382.418867978021,3382.419297372777,3382.41947219376,3382.419170600652,3382.41894634707,3382.419119278171,3382.418910671016,3382.4189714526583,3382.4191985406987,3382.418976744494,3382.4191912391498,3382.4189286909022,3382.4189662013277,3382.419126638772,3382.418910661616,3382.418984467801,3382.4191967668594,3382.419181728811,3382.418963298778
0,3382.418983449113,3382.4187892767063,3382.4192112542705,3382.419387924384,3382.419327074698,3382.4188699783217,3382.41929172893,3382.4194679297634,3382.4191701823042,3382.4189464663423,3382.419119175404,3382.418909846126,3382.4189746533593,3382.41919558445,3382.418977318909,3382.4191911722437,3382.4189365906122,3382.4189673790343,3382.419121554993,3382.418916310784,3382.4189922064666,3382.4191973555357,3382.419176492085,3382.418968828981
0,3382.4189854776228,3382.4187905752747,3382.4192116852346,3382.4193875413016,3382.4193152165253,3382.4188680076527,3382.4192888988277,3382.4194642854945,3382.4191731357914,3382.418948702908,3382.419121204309,3382.418921404588,3382.4189745323415,3382.419195865356,3382.4189791709023,3382.4191897769533,3382.4189379457166,3382.418968240506,3382.419120631445,3382.418916556843,3382.4189927629477,3382.4191949807155,3382.4191747842483,3382.4189683503096
0,3382.418983448937,3382.418797410195,3382.419210192334,3382.4193794711637,3382.4193138605183,3382.4188750045664,3382.4192875845583,3382.4194563812707,3382.419171153469,3382.4189508353033,3382.419120695673,3382.4189221997776,3382.418982877574,3382.419188239459,3382.418979229502,3382.419191502675,3382.4189386143894,3382.418969307169,3382.419120909614,3382.4189176984096,3382.418993270881,3382.419195520733,3382.4191749198103,3382.4189694058246
0,3382.4189879126598,3382.4188015890504,3382.419211705073,3382.4193776071843,3382.419311663367,3382.418877614318,3382.419287534459,3382.4194529481333,3382.419174061135,3382.4189501874976,3382.41912369292,3382.418925061718,3382.4189833150335,3382.4191872146125,3382.418981236603,3382.419187922984,3382.4189401123404,3382.4189667337596,3382.4191180702173,3382.418916570604,3382.4189946007705,3382.419192313645,3382.4191719191135,3382.4189681466273
0,3382.4189859006065,3382.418801550216,3382.41920145945,3382.419373049527,3382.419307290299,3382.418877026675,3382.4192767559607,3382.4194478537433,3382.41916347754,3382.4189588209915,3382.4191182069326,3382.4189253872223,3382.4189832157995,3382.4191873715586,3382.418981620768,3382.419187656677,3382.4189417130438,3382.41897524823,3382.4191242326897,3382.418928256443,3382.4189945963935,3382.419194219696,3382.4191764970537,3382.4189783262746
0,3382.4189928623473,3382.4188184322734,3382.4192026994538,3382.4193595513157,3382.419306340885,3382.4188920485662,3382.4192761477234,3382.4194325055832,3382.4191649727018,3382.4189587142337,3382.419120412488,3382.418926541216,3382.4189906640077,3382.4191777885458,3382.418982244656,3382.4191811858973,3382.4189457680613,3382.418973337048,3382.419119580075,3382.4189279173333,3382.4189985072194,3382.419191864246,3382.419171721338,3382.4189779265866
0,3382.4189903980982,3382.4188221564677,3382.419195729004,3382.4193523886893,3382.4193040815644,3382.4188958248333,3382.4192692408596,3382.4194253991186,3382.419155592557,3382.418965646895,3382.4191148306436,3382.418925628794,3382.4189882049814,3382.419179243743,3382.418979466459,3382.4191812607196,3382.4189448515062,3382.418980803671,3382.41912643495,3382.4189359613283,3382.4189968906517,3382.4191964812435,3382.4191778885797,3382.418985328437
0,3382.4190004486068,3382.418827290855,3382.419195858475,3382.4193510699656,3382.4192922057387,3382.4188958048635,3382.419264225797,3382.4194189578798,3382.4191625787716,3382.4189652934283,3382.4191201843487,3382.4189375297833,3382.4189988673998,3382.4191703803363,3382.41899099617,3382.419174387268,3382.4189551550858,3382.4189786556385,3382.4191161836798,3382.418937552351,3382.419004369918,3382.419182646411,3382.4191648442884,3382.4189842467204
0,3382.4189913141386,3382.4188271789103,3382.419186687318,3382.419344293524,3382.419282618189,3382.418895590344,3382.4192549618333,3382.419412084189,3382.4191526541963,3382.4189752690477,3382.4191145294126,3382.418943327051,3382.4189950704204,3382.4191757527965,3382.4189888180417,3382.4191807114325,3382.418952416693,3382.418988129141,3382.4191259578747,3382.4189467998954,3382.4190007374427,3382.4191884405973,3382.419173735768,3382.4189926555555
0,3382.4189982841754,3382.418846754844,3382.4191787890168,3382.419324496374,3382.4192613131127,3382.418908514979,3382.4192404182086,3382.4193856708607,3382.41916511287,3382.4189742793083,3382.4191243229307,3382.418963295256,3382.4190078695806,3382.4191654447304,3382.419000843949,3382.419175001767,3382.4189614508764,3382.4189852147456,3382.4191193998195,3382.41895537589,3382.419007520648,3382.4191762674154,3382.4191649601953,3382.4189991322282
0,3382.4190474260795,3382.4189937332812,3382.418965510047,3382.4191148335767,3382.4189578989794,3382.4189724926914,3382.418944091436,3382.4190933551845,3382.419375559237,3382.4189355753397,3382.4192978414467,3382.419237357237,3382.419137090433,3382.4190630783073,3382.419133794581,3382.419110860206,3382.419080823505,3382.418925430409,3382.4190602058993,3382.41916397947,3382.4191156253232,3382.4190707842113,3382.4190947742445,3382.419197612643
0,3382.4188214532555,3382.41883193616,3382.4190200720404,3382.419210561982,3382.4189254951543,3382.4188562457534,3382.419044211606,3382.419234395439,3382.4192056341717,3382.4190583879176,3382.419157668136,3382.419257909007,3382.4189813656026,3382.419242648784,3382.4189981469553,3382.4193123494247,3382.418897587254,3382.4190565241406,3382.4192592534027,3382.4190911248616,3382.418942939945,3382.419245142753,3382.4193041802337,3382.4191344998194
0,3382.4187484977892,3382.41890996047,3382.418801762051,3382.4190207431575,3382.4186179694557,3382.4188790212506,3382.418770590537,3382.418989508325,3382.4193766221,3382.4190466775513,3382.419298848574,3382.419533512209,3382.4190608242043,3382.419216025766,3382.4190916201865,3382.419357338287,3382.418929425221,3382.419026726141,3382.419290544863,3382.4192850989357,3382.4189723997456,3382.419206181874,3382.4193332224495,3382.419326612725
0,3382.4182994581943,3382.418973735452,3382.4182183161192,3382.4185593277616,3382.417469830532,3382.4187781091105,3382.418022245899,3382.418363904747,3382.419770715226,3382.4191723230124,3382.4196214026015,3382.4205755393873,3382.4191601713546,3382.4193022509576,3382.419236557202,3382.419703084472,3382.418838721634,3382.4190727537093,3382.419581142795,3382.419778136708,3382.4188831628235,3382.4192607610876,3382.419625641259,3382.4198224429338
0,3382.4150581840877,3382.419715271458,3382.4139555997326,3382.414937676741,3382.4092515890384,3382.418347390208,3382.4125858793623,3382.413573913185,3382.422200511083,3382.420332070721,3382.4216710495425,3382.427944984582,3382.419692925835,3382.4200676322916,3382.420203928291,3382.4221628251717,3382.4182617186066,3382.4196808700904,3382.4217508285137,3382.4234463398648,3382.41827232853,3382.4197444272527,3382.421764268556,3382.4234675648117
0,3382.4114008833685,3382.4199068096063,3382.4091751993437,3382.4114936973892,3382.4001959023044,3382.417267079698,3382.4065317850855,3382.4088617045127,3382.4252261722468,3382.4214014931317,3382.4242370637535,3382.436135882504,3382.420257676425,3382.4209473034634,3382.4212525644975,3382.4249387189625,3382.417423434781,3382.4200514206077,3382.4242238008674,3382.427493354723,3382.417481101372,3382.420329693441,3382.424286745041,3382.4275704081574
0,3382.3968010413187,3382.418796206694,3382.3917323023866,3382.4002389952047,3382.374256600777,3382.4134827021953,3382.386409340602,3382.394936461448,3382.435350810298,3382.4237542708643,3382.4337065877235,3382.4594916327146,3382.4225545820873,3382.424456220115,3382.425239767077,3382.436322658957,3382.4130100166217,3382.419514314378,3382.433589956401,3382.4415468994102,3382.4137254988455,3382.4225797114464,3382.4343123158765,3382.4422818899325
0,3382.3979698857243,3382.39393434994,3382.338000771281,3382.404782391373,3382.47446463851,3382.4119408868473,3382.356007126935,3382.4226972693514,3382.4225523579507,3382.3903103342122,3382.4218709431707,3382.3504662230403,3382.4214496776285,3382.4271916564403,3382.440056941318,3382.4258706233823,3382.399971260149,3382.4172092492104,3382.4663529759264,3382.4951352216935,3382.4002708214216,3382.4179051109086,3382.4665627094473,3382.495120533874
0,3382.3697835253442,3382.334319435089,3382.3483154296055,3382.4573034876757,3382.5161045343425,3382.368827523411,3382.3829641074617,3382.4918293517935,3382.2632579701913,3382.5299474870853,3382.410115319456,3382.3113811711146,3382.4508372955543,3382.4063341461247,3382.4331581355923,3382.45548387677,3382.4077939399563,3382.4169718562434,3382.451683057558,3382.4782562564487,3382.4102183345703,3382.4279526099144,3382.454235411938,3382.4810261671864
0,3382.363264709295,3382.2914975278422,3382.289062541662,3382.4745160322245,3382.51289075728,3382.3268226528926,3382.324582378729,3382.509950649234,3382.1981745039748,3382.589030003114,3382.4065015055908,3382.2996695646266,3382.4614454134853,3382.401536922631,3382.4510608193127,3382.4531657930415,3382.421438973999,3382.432754551547,3382.4676312561446,3382.5397860736875,3382.4185727053364,3382.422077797928,3382.4650017607282,3382.5376780698307
0,3382.3736640044367,3382.301498273582,3382.278225922926,3382.4653151404896,3382.552463250273,3382.3436826251946,3382.320645134996,3382.507592944895,3382.141655260242,3382.6334294010535,3382.4128188811437,3382.260693654596,3382.4554445204326,3382.3854303579237,3382.4138645282846,3382.431389528272,3382.4602680061303,3382.4191437228005,3382.428096944862,3382.5487604005707,3382.4692589726196,3382.458844293101,3382.437384900903,3382.5585497433176
0,3382.3639181288117,3382.299966952055,3382.24123527813,3382.4496518695673,3382.6031122793133,3382.356371715603,3382.2979168781144,3382.5061143166868,3382.0909157570977,3382.6689611253387,3382.424981485069,3382.207992216885,3382.458345577798,3382.3815028364497,3382.410064498789,3382.431617938025,3382.5041706396833,3382.40093984756,3382.389530196592,3382.578250086878,3382.5203365665025,3382.471036364699,3382.4060167741195,3382.5951859531197
0,3382.357713377567,3382.334338928963,3382.232444504207,3382.4101251721377,3382.6158400292024,3382.3952096985904,3382.2936232226084,3382.4710663981887,3382.0548012717645,3382.7078624776173,3382.4425138600864,3382.1975971329957,3382.464063728494,3382.381857669897,3382.4198478847266,3382.43750466869,3382.486582653309,3382.382357826591,3382.4008674609477,3382.580965244755,3382.505526936191,3382.464457082701,3382.420180492799,3382.6007918907776
0,3382.3635053511352,3382.3113114577773,3382.2306029926726,3382.4340780491516,3382.6923863427337,3382.3889134337296,3382.3085636342657,3382.5118133849496,3381.995904563806,3382.7157700340967,3382.3945514057523,3382.112797117668,3382.480259257336,3382.3919701523505,3382.4810048502486,3382.4460111498374,3382.4525346451787,3382.4135763211866,3382.450453712566,3382.5920993084587,3382.44943514658,3382.4027194185346,3382.4477328491175,3382.590159402074
0,3382.27883528603,3382.2343027089473,3382.2055057088037,3382.4689366482366,3382.709756926305,3382.3359374613174,3382.3075404338974,3382.570632273898,3381.9504230560788,3382.721702779418,3382.3250091668683,3382.0792218078404,3382.4846994560085,3382.39167552808,3382.426594281161,3382.51154077935,3382.4569853772814,3382.4798612779523,3382.4790154156785,3382.61325492525,3382.456197559318,3382.4785183294316,3382.478571036143,3382.6134573428253
0,3382.24336481892,3382.1683801995805,3382.175133484306,3382.5085558117657,3382.7313945701685,3382.283510673437,3382.290700442053,3382.6237854782294,3381.9180311678165,3382.7310053272818,3382.2973299695504,3382.047421802546,3382.50484876532,3382.406518015668,3382.4779992624185,3382.552751246963,3382.456593917532,3382.506825099675,3382.500339605899,3382.642455069848,3382.4401914567215,3382.4395776067727,3382.484277954805,3382.6272077342255
0,3382.2120633332297,3382.1432857150307,3382.1838163965836,3382.5247427973504,3382.7645305897304,3382.2736112829098,3382.3146096167634,3382.6551529452045,3381.8898829651243,3382.7369318470032,3382.2727752891924,3382.0141904197776,3382.5170236476147,3382.4139085989714,3382.4928282841443,3382.589490239636,3382.448797315402,3382.5206431006714,3382.508272853469,3382.630004906564,3382.4267201726975,3382.429334043829,3382.4865190613864,3382.609078016845
0,3382.1802847646336,3382.1366174284276,3382.1605681977726,3382.5103075622487,3382.784128553514,3382.2790441094344,3382.303482935862,3382.652782185054,3381.8766433028454,3382.7464080471937,3382.2828020166535,3381.9945238077935,3382.528722788979,3382.4211351492495,3382.511930002702,3382.6200734416375,3382.4439126955385,3382.508960656168,3382.5135198751314,3382.643182877187,3382.4226539416363,3382.420981969932,3382.4925664153634,3382.6229919667194
0,3382.141728266864,3382.184187095758,3382.173867475585,3382.454163577924,3382.8030080492777,3382.3401570355923,3382.33034291846,3382.610152255315,3381.8645684525445,3382.739572040275,3382.252895579668,3381.974238038604,3382.5404904402444,3382.4287153237024,3382.5194036026865,3382.6625400014077,3382.4415855828693,3382.530353891557,3382.517265271655,3382.62523923119,3382.4147867349093,3382.4187783686625,3382.4907365812123,3382.599448289742
0,3382.127326697079,3382.2091664193317,3382.1848301228715,3382.4285338498594,3382.8097531512485,3382.3701519787046,3382.3463164171735,3382.589561031512,3381.8727387734034,3382.699174330915,3382.186846947803,3381.955235128022,3382.5482111387573,3382.431755091936,3382.5281688728346,3382.6813737216603,3382.453902887703,3382.592073207899,3382.5287914894207,3382.624845312715,3382.4105962675526,3382.4105703431546,3382.4857082258904,3382.582594302309
0,3382.116002253164,3382.2092170984697,3382.1945380370016,3382.4279805702627,3382.7989832526146,3382.3703591994176,3382.356196313791,3382.5892134028245,3381.8555920968515,3382.7108769834076,3382.164988091992,3381.9627252164596,3382.555732941335,3382.434054430216,3382.537787373895,3382.6973964398126,3382.4641161321324,3382.614400962043,3382.5243910203235,3382.6175911775963,3382.413240010565,3382.4011290797744,3382.473766450435,3382.5679509381193
0,3382.111973607077,3382.2158043234767,3382.202420695994,3382.4228608365142,3382.7636768884213,3382.3695942678632,3382.356709530866,3382.576781936987,3381.879999259424,3382.692365566262,3382.1488315095457,3381.9941504204994,3382.5617301842985,3382.434140679485,3382.5456612792723,3382.7053830716522,3382.4760437097125,3382.637257745368,3382.519985138668,3382.614048893879,3382.4176606738138,3382.3922999362953,3382.461850423505,3382.556990505311
0,3382.1229569362154,3382.2254880520495,3382.199169025936,3382.416056062806,3382.7676476412908,3382.3776133613424,3382.351794006114,3382.568301557166,3381.8792615646084,3382.6984440456567,3382.1647638011164,3381.9925358134747,3382.560087975921,3382.4259020673135,3382.534757553897,3382.6907088992843,3382.4404825688407,3382.62187297518,3382.5501280480044,3382.6165935121076,3382.3880612616035,3382.4021518418867,3382.4979692421457,3382.565471195156
0,3382.107206459006,3382.2359955304573,3382.1968239771595,3382.398959476526,3382.8086715123895,3382.4014933142807,3382.362859169327,3382.564546202647,3381.8390792635028,3382.727271548018,3382.1720572566833,3381.955566218397,3382.5667896706786,3382.426309064527,3382.5379149858168,3382.70609237343,3382.422639433834,3382.604896555969,3382.5591670615336,3382.6111995201513,3382.374394219766,3382.402867850008,3382.5111991693007,3382.5642332239067
0,3382.1529871822554,3382.297492889577,3382.1913462048833,3382.353353086352,3382.8078026879866,3382.451964750184,3382.346346565856,3382.5078960536503,3381.8490174301223,3382.755673830252,3382.255801898139,3381.971970575553,3382.5617754210434,3382.4120516667226,3382.5352855319916,3382.6579478620088,3382.3967392857853,3382.5246281727573,3382.5533014218154,3382.6082877310487,3382.3662877366896,3382.3979975789694,3382.5231821366997,3382.579079833011
0,3382.1660216862633,3382.326360570695,3382.194931977633,3382.3310656368785,3382.7819841206065,3382.4716810649006,3382.3407751403993,3382.4764921837686,3381.856701852794,3382.7652094522446,3382.272787343042,3381.999942667694,3382.564562053729,3382.4044537342593,3382.534962117814,3382.6455736339494,3382.386158558599,3382.5140014500516,3382.5585582354843,3382.605157106558,3382.3575046860738,3382.395191773082,3382.5302758818616,3382.577857055031
0,3382.183166723664,3382.352119082436,3382.199587590112,3382.313751708808,3382.773133637281,3382.4913086900183,3382.339286086957,3382.453051266272,3381.8793786976803,3382.7539918684447,3382.2901833135584,3382.01243657466,3382.569310709613,3382.394197720584,3382.5362556973023,3382.629761226596,3382.3756103105306,3382.4986094222627,3382.56160899296,3382.600842249144,3382.349305417533,3382.3897410717727,3382.5356805739607,3382.5758835266
0,3382.1933099179423,3382.377537064713,3382.2174139224244,3382.299470912955,3382.702515147356,3382.4977667860253,3382.3381667518183,3382.420002190528,3381.85400146907,3382.7812808678777,3382.2384203269194,3382.068776789252,3382.5816288897545,3382.379068770231,3382.534552962923,3382.623865865144,3382.382719462235,3382.565270126024,3382.5800078613906,3382.6006539926007,3382.3394681612726,3382.385668846747,3382.5372594244955,3382.5593739397978
0,3382.19839513045,3382.4001123825055,3382.235070788399,3382.2856936562057,3382.623874222929,3382.500672585501,3382.336164228678,3382.3867314099916,3381.8548683396098,3382.794486315267,3382.205940570901,3382.1378721398833,3382.6129380824714,3382.347857134743,3382.5349201914496,3382.6236786162917,3382.3858486158224,3382.614133680497,3382.593640922625,3382.5954731161014,3382.3295999854417,3382.3804418675672,3382.5380188514846,3382.5417641136282
0,3382.199613486551,3382.420279636248,3382.2463585514733,3382.2702248927485,3382.60229178828,3382.5154744591027,3382.34208072374,3382.3659251759495,3381.867720439133,3382.8006354439517,3382.2280062832865,3382.1656991266286,3382.621303878414,3382.3508089070497,3382.557908755274,3382.6305015893054,3382.374445704279,3382.595416308684,3382.5917850923647,3382.5802372352387,3382.316628023951,3382.3552025323174,3382.5346103038564,3382.52503430541
0,3382.1818333396786,3382.4399233859717,3382.258782435102,3382.2483429210974,3382.60759547067,3382.5405933150887,3382.3599913439857,3382.3495594753067,3381.884909568333,3382.778114075272,3382.2178382809993,3382.161995406553,3382.66203845005,3382.344051355052,3382.6130534596796,3382.664459219178,3382.368287462861,3382.601365056982,3382.5943539908894,3382.5651428295223,3382.2962245991516,3382.3009874204736,3382.52292352754,3382.4958312310864
0,3382.1812543310393,3382.497136011672,3382.3363533376996,3382.2211071739102,3382.5507482734934,3382.58455277039,3382.424196738581,3382.3090407015898,3382.009621133687,3382.6492937698004,3382.150508417504,3382.2178986117196,3382.6416499753955,3382.3728836646947,3382.616064065779,3382.683199475757,3382.363352991416,3382.6671200005117,3382.6005233620144,3382.5027905366346,3382.2718890327396,3382.2837662223023,3382.509497793118,3382.413730163048
0,3382.188175620523,3382.533887843293,3382.375132088777,3382.2021735701046,3382.5415650907753,3382.6174825456724,3382.4590937851535,3382.2862101007822,3382.074967600619,3382.586330525522,3382.1412237917166,3382.2332152182935,3382.6227320225466,3382.3855263388323,3382.6015963795667,3382.6811082859285,3382.339537053821,3382.6713340425945,3382.6118840507124,3382.4667161654806,3382.2487453381627,3382.290149218088,3382.5214163664164,3382.377970033861
0,3382.215891221753,3382.5832017649986,3382.4628917824402,3382.197158652566,3382.5417868425043,3382.6602107639515,3382.5401734770594,3382.2743945684447,3382.16503313656,3382.5404980402236,3382.219507184327,3382.2711621064936,3382.5623814559885,3382.4241079988014,3382.5631136542643,3382.6629713324355,3382.272915060115,3382.5773371220466,3382.6021493650605,3382.3641898899914,3382.208950487894,3382.308361615632,3382.5383429690746,3382.301430599642
0,3382.2603034635304,3382.6353286391477,3382.5054996066788,3382.178943373382,3382.5820337162345,3382.711296098526,3382.581643480231,3382.2549712839686,3382.2422237454057,3382.4609181320125,3382.2380270753197,3382.2458623823427,3382.4978164231893,3382.4751328263515,3382.562969817198,3382.627245101166,3382.2574233346027,3382.5423573727408,3382.5887997297996,3382.32363954966,3382.198331393873,3382.2927047898143,3382.5296550320945,3382.265037792631
0,3382.308476258194,3382.6496951240533,3382.53991915278,3382.195244680783,3382.572340629349,3382.712081478747,3382.6024522692696,3382.257809119354,3382.262681371853,3382.463247489355,3382.275114748273,3382.2689554029294,3382.495057783951,3382.518093895037,3382.6804066383684,3382.615851033153,3382.2609634986065,3382.5036031711074,3382.5580450527414,3382.291961245542,3382.1794065318345,3382.159163537157,3382.4764299546096,3382.2111736266743
0,3382.3090730883396,3382.65592287046,3382.5519515450105,3382.1933416215306,3382.554911135892,3382.7140522277714,3382.6101778780794,3382.2516125306406,3382.3274602546076,3382.406783233597,3382.277245496368,3382.2890322942703,3382.492569807558,3382.5299035898597,3382.6989817921435,3382.622244688284,3382.231936662336,3382.503298905236,3382.5820374530103,3382.280655839738,3382.1457134874045,3382.138634741396,3382.495662236776,3382.19497689877
0,3382.3713803362702,3382.66862542855,3382.559071792995,3382.206127850521,3382.472873515449,3382.6928179428483,3382.5834085407014,3382.2307626829647,3382.3069405958167,3382.4777935742504,3382.324690695027,3382.3744366123606,3382.5625145253043,3382.453842090775,3382.734033519339,3382.5719203945923,3382.2136200919695,3382.478116088831,3382.591340559676,3382.2826337980873,3382.1212155997296,3382.0891296958716,3382.4990788939594,3382.1918061487663
0,3382.3861675763465,3382.659314233624,3382.564940770173,3382.222150228709,3382.4414281991503,3382.672653644128,3382.5784654897348,3382.236075930889,3382.3127447150214,3382.496818584915,3382.3537905586427,3382.4112005104776,3382.6361374476555,3382.3894920652083,3382.764113123015,3382.566964981539,3382.1870333254915,3382.4566687868287,3382.6067824665415,3382.2758929590973,3382.0912866300864,3382.054484641094,3382.511330998636,3382.1822519334655
0,3382.358885320432,3382.7025119105742,3382.571137727594,3382.1715079170017,3382.42460109195,3382.718316951101,3382.587140516206,3382.187902235556,3382.3196232690984,3382.5065110463174,3382.3735750413202,3382.4343183539027,3382.66001442362,3382.3853813676324,3382.782597210473,3382.599712004884,3382.1963378884698,3382.4385440615056,3382.5841427744876,3382.2585549262035,3382.1014485734377,3382.04006794629,3382.489565201363,3382.1658072434907
0,3382.394070772808,3382.8005403184607,3382.5862820784487,3382.094344973084,3382.433935371595,3382.8102559099175,3382.5961812215896,3382.1046677487907,3382.3229886329127,3382.508478467177,3382.3902791833825,3382.430167001362,3382.647296390446,3382.3931228535284,3382.797118865096,3382.570801355222,3382.210783166273,3382.418349019539,3382.557901168152,3382.245599343484,3382.114935004016,3382.015846956112,3382.4623677105474,3382.151918506962
0,3382.390247567115,3382.840517420644,3382.60885650218,3382.0617912768744,3382.43975301133,3382.852517996494,3382.6210520624286,3382.074419475983,3382.3267182380864,3382.5081982511274,3382.3980203056794,3382.4314272717625,3382.6694879570123,3382.386598808679,3382.8231805398855,3382.585730880075,3382.1872790974303,3382.4052291575285,3382.5659576115745,3382.2190431672625,3382.087570233773,3381.98650579995,3382.4665745616885,3382.1215836258584
0,3382.432283260314,3382.8886361756154,3382.684233472056,3382.058993771837,3382.4793811100362,3382.900087515184,3382.6959034818647,3382.0711230752067,3382.322472870917,3382.499408071841,3382.388273178143,3382.406585932983,3382.701960915226,3382.3439343754403,3382.820778707015,3382.5609600283633,3382.1738856787333,3382.393340460988,3382.5488923738576,3382.1503235353475,3382.0721100540163,3381.9662283980865,3382.4474993735075,3382.051000613639
0,3382.4625130956424,3382.9197278433953,3382.7167975417597,3382.0527726839236,3382.443539897152,3382.915573077257,3382.7127769336303,3382.0492381645067,3382.335574354573,3382.507793657368,3382.4016412663277,3382.4490647529697,3382.5976838496,3382.4304424372385,3382.8022864332343,3382.5326873967488,3382.175585466108,3382.383822253908,3382.532528922833,3382.1224629590274,3382.077971741863,3381.9736756261955,3382.4351942160774,3382.0269467191556
0,3382.479208384053,3382.9351841006055,3382.752273314577,3382.057709948168,3382.4313281706422,3382.9242034426875,3382.741396626521,3382.0473335858624,3382.343637779892,3382.5092540066853,3382.40617243251,3382.469029363323,3382.564120813312,3382.4551769390573,3382.7902727938117,3382.521200062578,3382.1946713407788,3382.3760058534417,3382.497804325168,3382.0887432288755,3382.0994506761535,3381.9757897761856,3382.402834291071,3381.9955075770254
0,3382.477069606284,3382.9167980277725,3382.759841537453,3382.0779146055793,3382.425172955064,3382.9048596999683,3382.7479891629278,3382.0665531886234,3382.350732229307,3382.5085050334824,3382.413265235505,3382.478752614028,3382.5450350890424,3382.476311389563,3382.7916337652387,3382.5254281007697,3382.2017121471226,3382.3686666505264,3382.484154080368,3382.079185875761,3382.107738887731,3381.9735105188347,3382.390396885725,3381.9870751015224
0,3382.473496719877,3382.8391983807805,3382.7938559957447,3382.165721891867,3382.4218413291624,3382.827312142321,3382.78204113028,3382.154393313961,3382.3569400722445,3382.5055917984196,3382.411282911843,3382.490507571684,3382.531162460179,3382.495723774038,3382.794452139173,3382.538290625878,3382.2001043040664,3382.3646713621674,3382.4702772534965,3382.044555585376,3382.105102449272,3381.964979840757,3382.3754579421834,3381.951325184342
0,3382.4844919918287,3382.778553672203,3382.8315505233995,3382.2438506260587,3382.436045190066,3382.767416519317,3382.82047182275,3382.2332465669083,3382.359660233197,3382.498583459675,3382.406512400429,3382.484974385224,3382.5152608096873,3382.5090020229677,3382.791017864668,3382.535797316606,3382.1921521867216,3382.359271661556,3382.4620351656467,3382.0091227969715,3382.097116521395,3381.959243280055,3382.3671487550246,3381.9157560212343
0,3382.5048802562214,3382.744409446073,3382.8807712996377,3382.3038016725786,3382.43901160297,3382.7291689732006,3382.865572873907,3382.289102020681,3382.3634919411315,3382.4925853505097,3382.396206077882,3382.490355768071,3382.49977826138,3382.518521161477,3382.785986680982,3382.526016168752,3382.1720980299892,3382.360663782143,3382.4654026444578,3381.965835294425,3382.0748544133867,3381.9512385221296,3382.368293238987,3381.870248626668
0,3382.5373256467583,3382.7452266971527,3382.9081610407297,3382.326143087845,3382.444226424259,3382.72356147989,3382.8865179795603,3382.305017818494,3382.367880543069,3382.4845705346024,3382.388094222825,3382.488437128846,3382.478310100267,3382.5191735530293,3382.7623304163144,3382.4946694321525,3382.2016138911736,3382.363298150231,3382.430059520603,3381.9462088704818,3382.106549635399,3381.9630338628444,3382.3351239048334,3381.852761386589
0,3382.60383068113,3382.738913625826,3382.925957365671,3382.3644876105977,3382.45159204446,3382.7033118199215,3382.890347554475,3382.32945951458,3382.374920579113,3382.4696764085043,3382.376653027437,3382.479324276956,3382.450510756676,3382.509625204136,3382.7334006607907,3382.425908489984,3382.192520817196,3382.372561727643,3382.4428527787522,3381.9462752025856,3382.098221702582,3381.9756085609074,3382.348694570559,3381.8536382423167
0,3382.6548421475377,3382.727849273407,3382.933195253013,3382.3976482312196,3382.4640276459413,3382.6831672821527,3382.8884734437497,3382.3535684245435,3382.390320480994,3382.4357730461193,3382.347473683008,3382.4598713017217,3382.429943548861,3382.505828091126,3382.7211873239917,3382.3742682173197,3382.201797589848,3382.3993740364485,3382.4484363192214,3381.957212338899,3382.10131894211,3381.9762252626606,3382.3480756071203,3381.8584123665905
0,3382.6140389382713,3382.696819660901,3382.954313494601,3382.4218405141783,3382.467314609519,3382.6626056975538,3382.9201095453927,3382.38834903911,3382.300780519176,3382.461002046692,3382.2086032223683,3382.4298924001346,3382.425732928445,3382.517930084642,3382.700521543354,3382.415197162245,3382.23091133889,3382.532421042508,3382.470363802061,3381.9572518516197,3382.104583217082,3382.0004634950105,3382.3441973408017,3381.833050783591
0,3382.622279233007,3382.625403856286,3382.9789961816505,3382.505058546077,3382.469551976458,3382.5898079348262,3382.943434125921,3382.4702612372375,3382.244776608731,3382.4967368130465,3382.163664319009,3382.422418542108,3382.41203123732,3382.522465734976,3382.6829760784385,3382.4094171028178,3382.2406818250897,3382.5728970622113,3382.47089667542,3381.9445475509747,3382.107278460558,3382.0114481314927,3382.337717007452,3381.8135529004026
0,3382.6568871740133,3382.6058205230293,3382.9860012356116,3382.5402659805077,3382.5332568711283,3382.577054094532,3382.957247358774,3382.51220886239,3382.265244109118,3382.451833720666,3382.159842899915,3382.3622677748676,3382.394568194399,3382.5227675346073,3382.673167715345,3382.3742838357134,3382.2430273580803,3382.560969194072,3382.4637200673797,3381.9429311426215,3382.112980841562,3382.013171434685,3382.333810212339,3381.814974372919
0,3382.5787803561243,3382.511556548636,3382.9604693122237,3382.594051319442,3382.5136429421227,3382.4965828217964,3382.9455576196606,3382.579783945387,3382.205069615139,3382.5086886933786,3382.1396794265975,3382.374668055724,3382.397883669379,3382.5436960836637,3382.6665590507237,3382.4451782336887,3382.2649916749924,3382.587324841486,3382.4566104680507,3381.957022908379,3382.1349373578846,3382.0396769393474,3382.32672745897,3381.829147134924
0,3382.513259838034,3382.448411660259,3382.911487179779,3382.6132613177897,3382.5147976232824,3382.44913383384,3382.912269395342,3382.6145986581523,3382.219365828828,3382.4832925213514,3382.121621676236,3382.363171417078,3382.3986218390332,3382.5676275974406,3382.6741704536316,3382.501632414527,3382.3562688814945,3382.609853339427,3382.3897900866054,3381.9953817934747,3382.224190077016,3382.0530833516727,3382.257787665686,3381.865183219408
0,3382.5154044670594,3382.413047833602,3382.900343514577,3382.645080083114,3382.487690644747,3382.406879380487,3382.8941755154915,3382.639510487542,3382.2765052219215,3382.413905840532,3382.075545447725,3382.3764184824163,3382.3803882281836,3382.5794898290906,3382.6633064402395,3382.4952313595904,3382.432696424289,3382.663149243497,3382.3440485721085,3382.018976639988,3382.2908503953668,3382.0646003994684,3382.2021817395344,3381.87883104581
0,3382.5789621360614,3382.3920792190697,3382.8815344146496,3382.682947390291,3382.4820145871927,3382.3695974702077,3382.8589879985675,3382.6610801241377,3382.3191061550924,3382.361953654911,3382.0565988788667,3382.3703232253033,3382.343915773314,3382.5852061054297,3382.65202921044,3382.4256152151315,3382.4798971106547,3382.6888111548737,3382.322810536337,3382.0582986006434,3382.332442083376,3382.066296528794,3382.1752817568413,3381.9124621193305
0,3382.7477490338924,3382.4031024657306,3382.904943022613,3382.7464000456303,3382.4808491191857,3382.340644184813,3382.8424009721252,3382.684815672575,3382.2178513854024,3382.4328853328097,3381.994943763168,3382.3513223394875,3382.2545423994934,3382.5868454279926,3382.596410589192,3382.2504932869692,3382.5272229276147,3382.754548905715,3382.3136334810642,3382.088551666396,3382.368046468651,3382.083723927243,3382.1545771899237,3381.931775334798
0,3382.774990873638,3382.3881494326297,3382.919763882355,3382.777776155196,3382.5189982123725,3382.328236403429,3382.859782794676,3382.718699062165,3382.18428499682,3382.452020985178,3381.9913446491664,3382.3167800645015,3382.234546111591,3382.5729256191403,3382.54338345484,3382.214238854712,3382.5440333978668,3382.7470836844104,3382.2904604053188,3382.0779378727057,3382.397193409905,3382.1284627835753,3382.1437691209826,3381.9334282761415
0,3382.9240725338223,3382.4047085551433,3382.94445497024,3382.8271965419553,3382.504129034268,3382.306265613776,3382.8459489566553,3382.7299119989134,3382.1602686023766,3382.4634568811434,3381.95597111047,3382.318828364744,3382.2628282788223,3382.4938195365485,3382.549487221916,3382.074943988251,3382.554568270862,3382.788652982177,3382.30440816223,3382.0974914870003,3382.387753664942,3382.087156571118,3382.1379789395774,3381.9340245661024
0,3382.9865312673096,3382.4182603622107,3382.9428028221455,3382.8365776898077,3382.3575986726737,3382.270641226789,3382.795080689554,3382.6903962567067,3382.173736258945,3382.503761729165,3381.9620832254627,3382.453293666725,3382.2640344100573,3382.469553537842,3382.550214758944,3382.013927185501,3382.5826510726192,3382.8212981974993,3382.298280279475,3382.1212585898056,3382.404599071194,3382.0735800539114,3382.1208138128477,3381.9473593791045
0,3383.042443899181,3382.3639187431713,3382.8912426665465,3382.8917337022644,3382.2773458944735,3382.1842744663954,3382.7114728408314,3382.7137276991907,3382.16452524968,3382.518176962836,3381.9245621194004,3382.504620134605,3382.2557230912057,3382.4413109805123,3382.52658078197,3381.942252244273,3382.61185771036,3382.8904407971804,3382.3269628603935,3382.202258150852,3382.4223061113885,3382.095018619657,3382.1381341485594,3382.0174564975778
0,3383.1011759926287,3382.3038820688694,3382.8705952501205,3382.9650469743333,3382.225504282409,3382.098212995846,3382.664778197486,3382.761141583071,3382.162186181635,3382.530723432804,3381.913946592518,3382.542853103453,3382.2453075576605,3382.4125966194338,3382.494813897575,3381.8725864845255,3382.5970952962653,3382.9203656171744,3382.368978440564,3382.244537176276,3382.4059564539125,3382.118888941483,3382.178669109006,3382.0585298585224
0,3383.1256011380647,3382.265489022272,3382.8076583796847,3382.9887843224096,3382.1780340790997,3382.0428501862293,3382.584856603727,3382.7679127816414,3382.1678394202754,3382.5445240715753,3381.930737629492,3382.5763460640965,3382.2289750807595,3382.3788716218232,3382.4191184806086,3381.816520431813,3382.659024869812,3382.9268328916132,3382.337406738262,3382.3139679461074,3382.4856428282924,3382.200710139577,3382.164930439834,3382.1457413570765
0,3383.144184738925,3382.241551319974,3382.768547291109,3383.0045072414628,3382.1521829425037,3382.008416648515,3382.535240684146,3382.773129517266,3382.1805799000404,3382.55768622905,3381.9735958807987,3382.601337009189,3382.2262530271983,3382.3580664320357,3382.391199521585,3381.782818219974,3382.679842188785,3382.8978087438086,3382.319947376155,3382.3505592123834,3382.520681543754,3382.2319682104703,3382.161740340004,3382.196534045998
0,3383.1443549110686,3382.2251339133477,3382.7307403442073,3383.006071010649,3382.12467912341,3381.9854922512104,3382.4909243710704,3382.7682305245944,3382.1924493053866,3382.5611425043835,3381.992077450728,3382.6230787993204,3382.240590045891,3382.3513488667745,3382.414126292306,3381.7799832382593,3382.7017068945256,3382.8928121541303,3382.3105147241877,3382.3872510117008,3382.539812789375,3382.215625218009,3382.1496063134477,3382.2306269116325
0,3383.090854953319,3382.2154312568937,3382.689908227954,3382.9797914892365,3382.101427881884,3381.9828980973034,3382.457213941198,3382.74901480269,3382.208050885804,3382.555834820206,3382.000981896829,3382.6409659432015,3382.2639705546567,3382.3412621115017,3382.4066176538754,3381.822049766296,3382.7226520614586,3382.8943185460903,3382.301287094586,3382.4156871016685,3382.566440662989,3382.2410243495656,3382.146048868938,3382.2646260407582
0,3383.0695190491033,3382.255468325029,3382.6572036915886,3382.9197969666466,3382.084659823715,3382.0240182466714,3382.4256058248648,3382.690127905009,3382.230349309363,3382.5352977161656,3381.996527515663,3382.649136789166,3382.301887355943,3382.3119032001027,3382.412885643031,3381.8372847805817,3382.7493238133684,3382.90762793697,3382.292048115537,3382.445623865436,3382.5907632493136,3382.244513913166,3382.1344779001784,3382.2922892694028
0,3383.0951832866667,3382.253195178855,3382.6404029656405,3382.9256050092727,3382.0638239586588,3382.01075338035,3382.3977395641186,3382.6848703557157,3382.2830331427026,3382.4949196762113,3382.009932240269,3382.6674840156857,3382.2502142698354,3382.3454229191852,3382.3981487949077,3381.804145058739,3382.7811577658767,3382.9025668472195,3382.267008081697,3382.4669759096587,3382.6269895017845,3382.2573872490643,3382.113726304554,3382.3176677661004
0,3383.2581124991734,3382.2977728392425,3382.6463583633904,3382.9459857815496,3382.0317627080162,3382.009416811534,3382.3576644033765,3382.6594695488025,3382.3555257147023,3382.4165143056625,3381.978058979943,3382.6825522345716,3382.1922057059596,3382.3304743405974,3382.3724752427734,3381.637909777532,3382.815335135407,3382.9475535677593,3382.2676585251165,3382.50880690425,3382.64858881375,3382.249314958961,3382.10179540005,3382.3471103890174
0,3383.3398736141085,3382.3272878139755,3382.656791078367,3382.9525776384717,3381.974789849176,3382.006257196699,3382.3353636184115,3382.633493902854,3382.3636177447147,3382.4198582642516,3381.9599491394156,3382.7293804946253,3382.1377221238545,3382.334637833649,3382.328771311876,3381.5488552947154,3382.8636487337185,3382.9806765878407,3382.2391130485366,3382.524241393995,3382.6949370695697,3382.2744880591586,3382.0713416821045,3382.360808486627
0,3383.403148269647,3382.35174415095,3382.6643799994918,3382.955928543223,3381.9543411688655,3382.0110224233517,3382.3232439060594,3382.61727625368,3382.325766759575,3382.4593826569185,3381.9493184280836,3382.743551432407,3382.0931428859726,3382.3577692065533,3382.3321462789827,3381.488637482752,3382.9030767701447,3382.997822613644,3382.2110298659964,3382.5346476797963,3382.726030272236,3382.256899271454,3382.0349978884087,3382.3632230997
0,3383.4678200121884,3382.301731172025,3382.6686683378066,3383.0303950376115,3381.9315938687037,3381.9404758126825,3382.306973462657,3382.6713579041607,3382.344705245121,3382.4605033128546,3381.9769745371823,3382.769452866154,3382.109483191425,3382.3544523231403,3382.4104565703965,3381.4456949466326,3382.914930837572,3382.977729842595,3382.194139175219,3382.5417547733896,3382.720599191272,3382.164301715448,3382.0008935825513,3382.3534898470107
0,3383.506693469319,3382.2827037652028,3382.673726837019,3383.0659851732125,3381.9141705597676,3381.9082462999604,3382.298761031733,3382.6938343496095,3382.3690694897214,3382.397819730677,3381.8833316889345,3382.7626002272364,3382.067507005281,3382.393399258128,3382.4341914284905,3381.4142292652323,3382.931290308087,3383.076377570517,3382.2260858280615,3382.5690623818105,3382.7059936595233,3382.1318076994294,3382.0017896361323,3382.349956825311
0,3383.53765445928,3382.269112738275,3382.7426136071463,3383.1179377770936,3381.9741814260365,3381.901560861976,3382.374601825447,3382.752795821495,3382.2792063111115,3382.437938543414,3381.8129029834763,3382.7027900941403,3382.064190608374,3382.3898992865384,3382.4314633006206,3381.399108725205,3382.9277903995176,3383.1217032500076,3382.2273213300705,3382.5179622352193,3382.687735182266,3382.115324852447,3381.9883488374758,3382.2845230988014
0,3383.5623524927314,3382.301370368409,3382.778271736457,3383.1093507232736,3381.984581917758,3381.930473903322,3382.406907654622,3382.740915431408,3382.2553801545905,3382.445749590509,3381.7818160681736,3382.691655572259,3382.0393960161186,3382.4116153695186,3382.438366181731,3381.3839449983366,3382.914219172764,3383.1453099571286,3382.240349148362,3382.493425099769,3382.6642807086273,3382.097228799718,3381.9914923055694,3382.2502266535876
0,3383.587617669213,3382.2706892469305,3382.8101757477084,3383.1611392782743,3381.9369346461554,3381.882663732289,3382.4216731640363,3382.775710453524,3382.2515278607243,3382.457492644313,3381.7577547122937,3382.736707896047,3382.05144073794,3382.3954178283357,3382.4433105427934,3381.368597288437,3382.92963774738,3383.1761230120624,3382.2296820981505,3382.4750014476995,3382.668341058451,3382.0806529251954,3381.9695591251666,3382.2208809670983
0,3383.603471300159,3382.1885345641767,3382.8285552192706,3383.2547403897247,3381.890806385886,3381.785943469063,3382.4254469172474,3382.8548144330007,3382.254446811655,3382.464849819346,3381.742298071754,3382.780342219067,3382.0285657372006,3382.4227570511334,3382.4623248482067,3381.362715415493,3382.930602072092,3383.2000897576722,3382.234099312139,3382.467248491695,3382.6575078585483,3382.054920371723,3381.962190755342,3382.201526400333
0,3383.6190368083394,3382.1597140973945,3382.8498938867906,3383.2968862598573,3381.862571568907,3381.7468413355055,3382.436495154555,3382.8867672470687,3382.26372601697,3382.4565858633364,3381.719877483377,3382.8058236127936,3382.047687786605,3382.403405238282,3382.469957597254,3381.354990289732,3382.9352379734864,3383.2260387576825,3382.2350432413555,3382.4560669437415,3382.6523181563666,3382.0397084187,3381.953359824619,3382.1808052698507
0,3383.616484285988,3382.1372343269845,3382.8337080841093,3383.3113039568593,3381.833971355815,3381.718224048606,3382.4141325015935,3382.895034779581,3382.302955600389,3382.424412409184,3381.7166755324815,3382.8284859657238,3382.038551552351,3382.415794002916,3382.478833179647,3381.3557221999617,3382.888477792884,3383.2394014584397,3382.293387357209,3382.475897528658,3382.6013564207065,3382.0350275902283,3382.0074427889417,3382.1963246858118
0,3383.6159294106615,3382.1887678822086,3382.83161758476,3383.260184377542,3381.7937288749135,3381.760475863107,3382.402817326231,3382.8348437153427,3382.2095934324047,3382.514990882091,3381.681373903141,3382.855410178423,3382.0410934956417,3382.420141182719,3382.4924838770785,3381.3590646402345,3382.9238931085556,3383.2858479528786,3382.280788997115,3382.4874771386185,3382.6222850589784,3382.021364919616,3381.9805354435766,3382.1941407755285
0,3383.6102326242294,3382.2008038263557,3382.825455417921,3383.2441886358292,3381.7738427615514,3381.769190448472,3382.393359930857,3382.815601553668,3382.1682617869847,3382.5622890058476,3381.679797793836,3382.872041967405,3382.040986007657,3382.4249749226037,3382.4984226103807,3381.3649277823934,3382.9594321170616,3383.2932614145147,3382.2508807123854,3382.4933567692397,3382.6549837056573,3382.017245945103,3381.9478679595113,3382.197454956787
0,0.0,0.0,0.0,0.0,0.0,0.0,0.0,0.0,0.0,0.0,0.0,0.0,0.0,0.0,0.0,0.0,0.0,0.0,0.0,0.0,0.0,0.0,0.0,0.0
0,0.0,0.0,0.0,0.0,0.0,0.0,0.0,0.0,0.0,0.0,0.0,0.0,0.0,0.0,0.0,0.0,0.0,0.0,0.0,0.0,0.0,0.0,0.0,0.0
0,504.7737318002718,504.77373180026683,504.773731800272,504.77373180027683,504.7737318002718,504.77373180026683,504.773731800272,504.77373180027683,504.77373180027666,504.7737318002719,504.7737318002769,504.77373180027666,504.77373180027666,504.7737318002719,504.7737318002769,504.77373180027666,504.77373180027666,504.7737318002768,504.773731800272,504.7737318002768,504.77373180027666,504.7737318002768,504.773731800272,504.7737318002768
0,1065.5627762925835,1065.5627762925728,1065.5627762925787,1065.562776292583,1065.5627762925783,1065.5627762925728,1065.562776292579,1065.5627762925835,1065.5627762925892,1065.5627762925787,1065.5627762925897,1065.5627762925837,1065.5627762925892,1065.5627762925787,1065.5627762925897,1065.5627762925837,1065.5627762925783,1065.5627762925842,1065.5627762925842,1065.5627762925837,1065.5627762925783,1065.5627762925842,1065.5627762925842,1065.5627762925837
0,1710.1732382272849,1710.1732382272792,1710.1732382272858,1710.1732382272842,1710.1732382272849,1710.1732382272792,1710.1732382272858,1710.1732382272842,1710.1732382273003,1710.173238227285,1710.1732382273008,1710.173238227285,1710.1732382273062,1710.1732382272785,1710.173238227307,1710.1732382272933,1710.173238227294,1710.1732382272855,1710.1732382272853,1710.173238227285,1710.1732382272853,1710.173238227285,1710.1732382272858,1710.1732382272846
0,2474.862463288508,2474.8624632884907,2474.8624632885167,2474.862463288515,2474.8624632885158,2474.862463288489,2474.8624632885167,2474.862463288515,2474.8624632885303,2474.86246328851,2474.8624632885317,2474.8624632885158,2474.8624632885303,2474.86246328851,2474.8624632885317,2474.8624632885158,2474.862463288516,2474.8624632885167,2474.8624632885167,2474.8624632885144,2474.862463288516,2474.8624632885167,2474.8624632885167,2474.8624632885144
0,3382.419087072235,3382.419087072204,3382.419087072237,3382.419087072235,3382.419087072235,3382.419087072204,3382.419087072237,3382.419087072235,3382.419087072267,3382.4190870722277,3382.4190870722678,3382.419087072244,3382.4190870722664,3382.4190870722273,3382.4190870722678,3382.4190870722337,3382.419087072237,3382.419087072236,3382.4190870722373,3382.419087072233,3382.419087072237,3382.419087072236,3382.4190870722373,3382.419087072233
0,3382.419087072235,3382.419087072204,3382.419087072237,3382.419087072235,3382.419087072235,3382.419087072204,3382.419087072237,3382.419087072235,3382.419087072267,3382.4190870722277,3382.4190870722678,3382.419087072244,3382.4190870722664,3382.4190870722273,3382.4190870722678,3382.4190870722337,3382.419087072237,3382.419087072236,3382.4190870722373,3382.419087072233,3382.419087072237,3382.419087072236,3382.4190870722373,3382.419087072233
0,3382.419087072235,3382.419087072204,3382.419087072237,3382.419087072235,3382.419087072235,3382.419087072204,3382.419087072237,3382.419087072235,3382.419087072267,3382.4190870722277,3382.4190870722678,3382.419087072244,3382.4190870722664,3382.4190870722273,3382.4190870722678,3382.4190870722337,3382.419087072237,3382.419087072236,3382.4190870722373,3382.419087072233,3382.419087072237,3382.419087072236,3382.4190870722373,3382.419087072233
0,3382.419087072235,3382.419087072204,3382.419087072237,3382.419087072235,3382.419087072235,3382.419087072204,3382.419087072237,3382.419087072235,3382.419087072267,3382.4190870722277,3382.4190870722678,3382.419087072244,3382.4190870722664,3382.4190870722273,3382.4190870722678,3382.4190870722337,3382.419087072237,3382.419087072236,3382.4190870722373,3382.419087072233,3382.419087072237,3382.419087072236,3382.4190870722373,3382.419087072233
0,3382.419087072235,3382.419087072204,3382.419087072237,3382.419087072235,3382.419087072235,3382.419087072204,3382.419087072237,3382.419087072235,3382.419087072267,3382.4190870722277,3382.4190870722678,3382.419087072244,3382.4190870722664,3382.4190870722273,3382.4190870722678,3382.4190870722337,3382.419087072237,3382.419087072236,3382.4190870722373,3382.419087072233,3382.419087072237,3382.419087072236,3382.4190870722373,3382.419087072233
0,3382.419087072235,3382.419087072204,3382.419087072237,3382.419087072235,3382.419087072235,3382.419087072204,3382.419087072237,3382.419087072235,3382.419087072267,3382.4190870722277,3382.4190870722678,3382.419087072244,3382.4190870722664,3382.4190870722273,3382.4190870722678,3382.4190870722337,3382.419087072237,3382.419087072236,3382.4190870722373,3382.419087072233,3382.419087072237,3382.419087072236,3382.4190870722373,3382.419087072233
0,0.0,0.0,0.0,0.0,0.0,0.0,0.0,0.0,0.0,0.0,0.0,0.0,0.0,0.0,0.0,0.0,0.0,0.0,0.0,0.0,0.0,0.0,0.0,0.0
0,0.0,0.0,0.0,0.0,0.0,0.0,0.0,0.0,0.0,0.0,0.0,0.0,0.0,0.0,0.0,0.0,0.0,0.0,0.0,0.0,0.0,0.0,0.0,0.0
0,504.7737318002718,504.77373180026683,504.773731800272,504.77373180027683,504.7737318002718,504.77373180026683,504.773731800272,504.77373180027683,504.77373180027666,504.7737318002719,504.7737318002769,504.77373180027666,504.77373180027666,504.7737318002719,504.7737318002769,504.77373180027666,504.77373180027666,504.7737318002768,504.773731800272,504.7737318002768,504.77373180027666,504.7737318002768,504.773731800272,504.7737318002768
0,1065.5627762925835,1065.5627762925728,1065.5627762925787,1065.562776292583,1065.5627762925783,1065.5627762925728,1065.562776292579,1065.5627762925835,1065.5627762925892,1065.5627762925787,1065.5627762925897,1065.5627762925837,1065.5627762925892,1065.5627762925787,1065.5627762925897,1065.5627762925837,1065.5627762925783,1065.5627762925842,1065.5627762925842,1065.5627762925837,1065.5627762925783,1065.5627762925842,1065.5627762925842,1065.5627762925837
0,1710.1732382272849,1710.1732382272792,1710.1732382272858,1710.1732382272842,1710.1732382272849,1710.1732382272792,1710.1732382272858,1710.1732382272842,1710.1732382273003,1710.173238227285,1710.1732382273008,1710.173238227285,1710.1732382273062,1710.1732382272785,1710.173238227307,1710.1732382272933,1710.173238227294,1710.1732382272855,1710.1732382272853,1710.173238227285,1710.1732382272853,1710.173238227285,1710.1732382272858,1710.1732382272846
0,0.0,0.0,0.0,0.0,0.0,0.0,0.0,0.0,0.0,0.0,0.0,0.0,0.0,0.0,0.0,0.0,0.0,0.0,0.0,0.0,0.0,0.0,0.0,0.0
0,0.0,0.0,0.0,0.0,0.0,0.0,0.0,0.0,0.0,0.0,0.0,0.0,0.0,0.0,0.0,0.0,0.0,0.0,0.0,0.0,0.0,0.0,0.0,0.0
0,504.7737318002718,504.77373180026683,504.773731800272,504.77373180027683,504.7737318002718,504.77373180026683,504.773731800272,504.77373180027683,504.77373180027666,504.7737318002719,504.7737318002769,504.77373180027666,504.77373180027666,504.7737318002719,504.7737318002769,504.77373180027666,504.77373180027666,504.7737318002768,504.773731800272,504.7737318002768,504.77373180027666,504.7737318002768,504.773731800272,504.7737318002768
0,1065.5627762925835,1065.5627762925728,1065.5627762925787,1065.562776292583,1065.5627762925783,1065.5627762925728,1065.562776292579,1065.5627762925835,1065.5627762925892,1065.5627762925787,1065.5627762925897,1065.5627762925837,1065.5627762925892,1065.5627762925787,1065.5627762925897,1065.5627762925837,1065.5627762925783,1065.5627762925842,1065.5627762925842,1065.5627762925837,1065.5627762925783,1065.5627762925842,1065.5627762925842,1065.5627762925837
0,1710.1732382272849,1710.1732382272792,1710.1732382272858,1710.1732382272842,1710.1732382272849,1710.1732382272792,1710.1732382272858,1710.1732382272842,1710.1732382273003,1710.173238227285,1710.1732382273008,1710.173238227285,1710.1732382273062,1710.1732382272785,1710.173238227307,1710.1732382272933,1710.173238227294,1710.1732382272855,1710.1732382272853,1710.173238227285,1710.1732382272853,1710.173238227285,1710.1732382272858,1710.1732382272846
0,2474.862463288508,2474.8624632884907,2474.8624632885167,2474.862463288515,2474.8624632885158,2474.862463288489,2474.8624632885167,2474.862463288515,2474.8624632885303,2474.86246328851,2474.8624632885317,2474.8624632885158,2474.8624632885303,2474.86246328851,2474.8624632885317,2474.8624632885158,2474.862463288516,2474.8624632885167,2474.8624632885167,2474.8624632885144,2474.862463288516,2474.8624632885167,2474.8624632885167,2474.8624632885144
0,0.0,0.0,0.0,0.0,0.0,0.0,0.0,0.0,0.0,0.0,0.0,0.0,0.0,0.0,0.0,0.0,0.0,0.0,0.0,0.0,0.0,0.0,0.0,0.0
0,0.0,0.0,0.0,0.0,0.0,0.0,0.0,0.0,0.0,0.0,0.0,0.0,0.0,0.0,0.0,0.0,0.0,0.0,0.0,0.0,0.0,0.0,0.0,0.0
0,504.7737318002718,504.77373180026683,504.773731800272,504.77373180027683,504.7737318002718,504.77373180026683,504.773731800272,504.77373180027683,504.77373180027666,504.7737318002719,504.7737318002769,504.77373180027666,504.77373180027666,504.7737318002719,504.7737318002769,504.77373180027666,504.77373180027666,504.7737318002768,504.773731800272,504.7737318002768,504.77373180027666,504.7737318002768,504.773731800272,504.7737318002768
0,0.0,0.0,0.0,0.0,0.0,0.0,0.0,0.0,0.0,0.0,0.0,0.0,0.0,0.0,0.0,0.0,0.0,0.0,0.0,0.0,0.0,0.0,0.0,0.0
0,0.0,0.0,0.0,0.0,0.0,0.0,0.0,0.0,0.0,0.0,0.0,0.0,0.0,0.0,0.0,0.0,0.0,0.0,0.0,0.0,0.0,0.0,0.0,0.0
0,504.7737318002718,504.77373180026683,504.773731800272,504.77373180027683,504.7737318002718,504.77373180026683,504.773731800272,504.77373180027683,504.77373180027666,504.7737318002719,504.7737318002769,504.77373180027666,504.77373180027666,504.7737318002719,504.7737318002769,504.77373180027666,504.77373180027666,504.7737318002768,504.773731800272,504.7737318002768,504.77373180027666,504.7737318002768,504.773731800272,504.7737318002768
0,1065.5627762925835,1065.5627762925728,1065.5627762925787,1065.562776292583,1065.5627762925783,1065.5627762925728,1065.562776292579,1065.5627762925835,1065.5627762925892,1065.5627762925787,1065.5627762925897,1065.5627762925837,1065.5627762925892,1065.5627762925787,1065.5627762925897,1065.5627762925837,1065.5627762925783,1065.5627762925842,1065.5627762925842,1065.5627762925837,1065.5627762925783,1065.5627762925842,1065.5627762925842,1065.5627762925837
_gucc_fiber_pstress.csv 313% ]]b   _gucc_fiber_pstress.csv 313% ]]b   _gucc_fiber_pstress.csv 315037767600027@130FWd.E2330C%hj9\ `  _gucc_fiber_pstress.csv 3140335327734206E270,p1N*sZ&FQ,. n,A  _gucc_fiber_pstress.csv 1 U81RYZgkNG,5Rq+B
4E;T!:|j>M|  _gucc_fiber_pstress.csv I
@ELw>kQ
T9^%/EC8R$ql,y}rvG  _gucc_fiber_pstress.csv 1 wPquH0.XG<xgb!W:)*B2CS8HaTZj?KL  _gucc_fiber_pstress.csv 1 wPquH0.XG<xgb!W:)*B2CS8HaTZj?KL  